,sample_number,site,sample_design,X,Y,Z,x,y,u,v,L,a,b,h,c,R,G,B
1,1,Agriculture,Grid,26.04667009,22.64945827,6.261949207,0.473937067,0.412122463,8.498822627,4.129065399,54.70941794,3.483864811,9.430118323,1.216908888,10.0530814,139.5766673,128.3601118,114.4061794
2,1,Agriculture,Transect,26.04667009,22.64945827,6.261949207,0.473937067,0.412122463,8.498822627,4.129065399,54.70941794,3.483864811,9.430118323,1.216908888,10.0530814,139.5766673,128.3601118,114.4061794
3,2,Agriculture,Fine scale,20.79669635,18.07517926,5.025685453,0.473755166,0.411758167,7.736120275,3.636074146,49.5871652,3.27919427,8.549732684,1.204556596,9.15702157,125.8404215,115.5502561,103.2379763
4,2,Agriculture,Grid,20.79669635,18.07517926,5.025685453,0.473755166,0.411758167,7.736120275,3.636074146,49.5871652,3.27919427,8.549732684,1.204556596,9.15702157,125.8404215,115.5502561,103.2379763
5,2,Agriculture,Transect,20.79669635,18.07517926,5.025685453,0.473755166,0.411758167,7.736120275,3.636074146,49.5871652,3.27919427,8.549732684,1.204556596,9.15702157,125.8404215,115.5502561,103.2379763
6,3,Agriculture,Grid,22.26083806,19.32395302,5.323452697,0.474561319,0.411952174,8.254176119,3.874093908,51.0640814,3.472868226,9.071154428,1.205163524,9.7132207,130.0694241,119.1201322,105.9797757
7,3,Agriculture,Transect,22.26083806,19.32395302,5.323452697,0.474561319,0.411952174,8.254176119,3.874093908,51.0640814,3.472868226,9.071154428,1.205163524,9.7132207,130.0694241,119.1201322,105.9797757
8,4,Agriculture,Grid,22.18207709,19.11919243,5.047525953,0.478590152,0.412506781,9.774413105,4.397930766,50.82636483,4.152086868,10.53507899,1.195369044,11.32376769,130.9540897,118.0209488,102.8836539
9,4,Agriculture,Transect,22.18207709,19.11919243,5.047525953,0.478590152,0.412506781,9.774413105,4.397930766,50.82636483,4.152086868,10.53507899,1.195369044,11.32376769,130.9540897,118.0209488,102.8836539
10,5,Agriculture,Grid,19.12352286,16.55023822,4.496628382,0.47606018,0.41200094,8.298148225,3.770285667,47.68826319,3.579259779,9.080611426,1.195330166,9.760563735,121.6471004,110.5912984,97.69627484
11,5,Agriculture,Transect,19.12352286,16.55023822,4.496628382,0.47606018,0.41200094,8.298148225,3.770285667,47.68826319,3.579259779,9.080611426,1.195330166,9.760563735,121.6471004,110.5912984,97.69627484
12,6,Agriculture,Grid,30.61770195,26.68776227,7.411717737,0.473100049,0.412375222,8.612578642,4.405061003,58.68419588,3.421415787,9.781809287,1.234323475,10.36290881,149.9326475,138.6293386,123.7843531
13,6,Agriculture,Transect,30.61770195,26.68776227,7.411717737,0.473100049,0.412375222,8.612578642,4.405061003,58.68419588,3.421415787,9.781809287,1.234323475,10.36290881,149.9326475,138.6293386,123.7843531
14,7,Agriculture,Grid,24.32050763,21.1109507,5.792502737,0.474787719,0.412130383,8.622724536,4.096379855,53.07070991,3.581244897,9.488952728,1.20991268,10.14226498,135.5168469,124.1155527,110.223637
15,7,Agriculture,Transect,24.32050763,21.1109507,5.792502737,0.474787719,0.412130383,8.622724536,4.096379855,53.07070991,3.581244897,9.488952728,1.20991268,10.14226498,135.5168469,124.1155527,110.223637
16,8,Agriculture,Grid,24.58906604,21.33591312,5.794589493,0.475430609,0.412530763,8.822498127,4.287330175,53.31518722,3.632437255,9.897305917,1.219046517,10.54283002,136.3245189,124.6994203,110.1076706
17,8,Agriculture,Transect,24.58906604,21.33591312,5.794589493,0.475430609,0.412530763,8.822498127,4.287330175,53.31518722,3.632437255,9.897305917,1.219046517,10.54283002,136.3245189,124.6994203,110.1076706
18,9,Agriculture,Grid,24.68196388,21.48334477,5.999829032,0.473150556,0.411833376,8.045398638,3.877187013,53.4744774,3.326192969,8.89281161,1.212874894,9.494506727,135.9786925,125.3294002,112.2629455
19,9,Agriculture,Transect,24.68196388,21.48334477,5.999829032,0.473150556,0.411833376,8.045398638,3.877187013,53.4744774,3.326192969,8.89281161,1.212874894,9.494506727,135.9786925,125.3294002,112.2629455
20,10,Agriculture,Grid,27.94180529,24.24790205,6.540954276,0.4757618,0.412866148,9.365245385,4.659337633,56.33514875,3.778464022,10.58673861,1.227983011,11.24081068,144.5876551,132.305195,116.4352785
21,10,Agriculture,Transect,27.94180529,24.24790205,6.540954276,0.4757618,0.412866148,9.365245385,4.659337633,56.33514875,3.778464022,10.58673861,1.227983011,11.24081068,144.5876551,132.305195,116.4352785
22,11,Agriculture,Grid,25.45078168,22.14114574,6.095394859,0.47405571,0.412409202,8.376458481,4.177629724,54.1764432,3.412204839,9.517436589,1.226550308,10.11062516,138.0817649,127.0542359,112.9070067
23,11,Agriculture,Transect,25.45078168,22.14114574,6.095394859,0.47405571,0.412409202,8.376458481,4.177629724,54.1764432,3.412204839,9.517436589,1.226550308,10.11062516,138.0817649,127.0542359,112.9070067
24,12,Agriculture,Grid,24.64868581,21.46909446,6.019582328,0.47276434,0.411779449,7.886251791,3.821263514,53.45911276,3.25627947,8.744758574,1.214334032,9.331353519,135.7818303,125.34186,112.4805341
25,12,Agriculture,Transect,24.64868581,21.46909446,6.019582328,0.47276434,0.411779449,7.886251791,3.821263514,53.45911276,3.25627947,8.744758574,1.214334032,9.331353519,135.7818303,125.34186,112.4805341
26,13,Agriculture,Grid,26.49565861,23.12080266,6.550808088,0.471727732,0.411641921,7.705563999,3.795532391,55.19655146,3.145349855,8.566357563,1.218903772,9.125552455,140.0462591,129.8554498,117.1383736
27,13,Agriculture,Transect,26.49565861,23.12080266,6.550808088,0.471727732,0.411641921,7.705563999,3.795532391,55.19655146,3.145349855,8.566357563,1.218903772,9.125552455,140.0462591,129.8554498,117.1383736
28,14,Agriculture,Grid,21.99502955,19.08455109,5.245604544,0.474796365,0.411969235,8.304772182,3.88076777,50.78598037,3.502534381,9.113636888,1.203881611,9.763509841,129.4175804,118.3979807,105.2217256
29,14,Agriculture,Transect,21.99502955,19.08455109,5.245604544,0.474796365,0.411969235,8.304772182,3.88076777,50.78598037,3.502534381,9.113636888,1.203881611,9.763509841,129.4175804,118.3979807,105.2217256
30,15,Agriculture,Grid,22.24615265,19.36928857,5.467082819,0.47249278,0.411390191,7.543482546,3.528683852,51.11648634,3.182640956,8.211678338,1.20104686,8.806864628,129.5081194,119.4639389,107.5968208
31,16,Agriculture,Grid,20.75438321,18.02682804,5.010689654,0.473932001,0.411647534,7.8340776,3.622130109,49.52863094,3.337411272,8.552883343,1.198758938,9.180965498,125.7950176,115.3608062,103.0959309
32,17,Agriculture,Fine scale,21.81629958,19.00237302,5.404377927,0.471978793,0.411101665,7.348742695,3.375955614,50.68998232,3.124946223,7.888924155,1.193640825,8.485305724,128.245247,118.4311549,107.1056023
33,17,Agriculture,Grid,21.81629958,19.00237302,5.404377927,0.471978793,0.411101665,7.348742695,3.375955614,50.68998232,3.124946223,7.888924155,1.193640825,8.485305724,128.245247,118.4311549,107.1056023
34,18,Agriculture,Grid,22.75326125,19.90138221,5.767616285,0.469892594,0.410996561,6.620735345,3.205748754,51.7255285,2.763160496,7.326856494,1.210161587,7.830573543,130.1274009,121.3070428,110.6255106
35,19,Agriculture,Grid,23.44205701,20.42698439,5.762523885,0.472321533,0.411572439,7.587488687,3.640771418,52.31657337,3.159634403,8.37811853,1.210160137,8.954114119,132.5837749,122.51338,110.2761605
36,20,Agriculture,Grid,25.33898475,21.99703344,5.993159083,0.47514299,0.41247652,8.826393825,4.299361615,54.02385684,3.621345681,9.881124839,1.219506179,10.5238193,138.1376955,126.5102927,111.9004777
37,21,Agriculture,Grid,24.42552518,21.18587442,5.802349384,0.475077691,0.412066322,8.786734918,4.11636141,53.15232513,3.662509899,9.567601812,1.205201987,10.24465632,135.8896788,124.2623262,110.2965856
38,22,Agriculture,Grid,22.80852858,19.86111095,5.616790835,0.472358971,0.411318683,7.590519316,3.535774626,51.67981585,3.198598812,8.210457929,1.199308176,8.811506895,130.9815944,120.873647,108.9974145
39,23,Agriculture,Grid,30.53079665,26.62204138,7.438331857,0.472677561,0.412162242,8.469934799,4.290497764,58.62284009,3.377777416,9.533776922,1.230299624,10.11445909,149.6380953,138.5026759,124.0748666
40,24,Agriculture,Grid,23.0286041,20.08028745,5.729848656,0.471523303,0.411154902,7.311842781,3.425441513,51.92786494,3.07493732,7.915117708,1.200252314,8.491426726,131.3342398,121.59092,110.1227126
41,25,Agriculture,Grid,20.72926985,17.93217012,4.816989792,0.476771355,0.412438311,8.763922536,4.081834748,49.41373381,3.717340443,9.718136065,1.205452811,10.40484447,126.4075061,114.7965062,100.8067841
42,26,Agriculture,Grid,20.27668849,17.63456123,4.961390875,0.472951706,0.411324355,7.448071518,3.414470802,49.0498364,3.191517178,8.070982615,1.194234889,8.679086488,124.2178024,114.2679798,102.749874
43,27,Agriculture,Grid,25.21546366,21.90080412,5.993704267,0.474778327,0.412367081,8.679473818,4.223593151,53.92159763,3.564981955,9.701454699,1.218644641,10.33573024,137.7342105,126.291478,111.9604677
44,28,Agriculture,Grid,25.52417486,22.12849295,5.990679288,0.475812496,0.412511414,9.143715744,4.391143714,54.16307296,3.763594342,10.13644351,1.215279252,10.81259125,138.806859,126.759162,111.8079149
45,29,Agriculture,Grid,19.91131403,17.34733176,4.977477052,0.471428547,0.410722637,6.944429309,3.099347933,48.69472691,3.008517442,7.346356795,1.182105728,7.93852224,122.8398126,113.5120098,103.1278967
46,30,Agriculture,Grid,24.45129865,21.4390705,6.350796237,0.468046577,0.410386528,6.201560362,2.95629926,53.42671874,2.58586964,6.689081351,1.201911583,7.171508287,134.0385708,125.7488297,115.9882066
47,31,Agriculture,Grid,21.05698409,18.36610064,5.265462563,0.471194195,0.410980033,6.945356126,3.21875275,49.93717087,2.958707859,7.516537432,1.195796446,8.077888781,125.9472412,116.6599032,105.8823071
48,32,Agriculture,Grid,22.93837376,20.01218016,5.734089023,0.471162411,0.411057347,7.173495215,3.358618081,51.85097987,3.019411515,7.755625643,1.199531585,8.322654325,131.003003,121.4369792,110.2080095
49,33,Agriculture,Grid,21.30426756,18.53574126,5.242156355,0.472565314,0.411154637,7.501295296,3.410294089,50.13956111,3.206097243,8.022359895,1.19059589,8.639289196,127.0111894,116.9880873,105.5200393
50,34,Agriculture,Grid,23.51801974,20.40984862,5.674923669,0.474126935,0.411465722,8.415700849,3.797999156,52.29746492,3.563133921,8.902407862,1.190079759,9.588993121,133.3676933,122.1673097,109.3462923
51,35,Agriculture,Grid,24.74529862,21.43221782,5.786682032,0.476198986,0.412441998,9.214942824,4.353395557,53.41932088,3.822700968,10.12672912,1.209847717,10.82421754,136.9815113,124.8223795,109.9807078
52,36,Agriculture,Grid,30.15852679,26.2658776,7.308381737,0.473202705,0.412125049,8.692815445,4.315648086,58.28856361,3.492168512,9.655242969,1.223748774,10.26737346,148.9948662,137.5517797,123.0201267
53,37,Agriculture,Grid,22.60536864,19.74094772,5.728896552,0.470208394,0.410626319,6.849332912,3.13232661,51.54304805,2.909860311,7.257689176,1.189484329,7.819292756,129.9093367,120.7380031,110.3125615
54,38,Agriculture,Grid,20.82892869,18.16955823,5.235317925,0.470882592,0.410761821,6.847026149,3.119579653,49.70112084,2.935675874,7.312545979,1.189034181,7.879817354,125.2614959,116.0839014,105.6564242
55,39,Agriculture,Grid,19.68493574,17.12630606,4.850752504,0.472491441,0.411077442,7.236205645,3.267807228,48.41878898,3.125625322,7.762479041,1.188000558,8.368130885,122.4340897,112.7389687,101.7350844
56,40,Agriculture,Grid,21.12104002,18.3362167,5.130855909,0.473692174,0.411235543,7.916349404,3.524757995,49.90138878,3.403839928,8.367362269,1.184441973,9.033209706,126.8260281,116.245783,104.3487705
57,41,Agriculture,Fine scale,21.01568683,18.18871477,4.949184611,0.475967835,0.411941958,8.631437686,3.907817768,49.72420275,3.688816618,9.319110811,1.193886878,10.0226341,127.070972,115.5940299,102.2690961
58,41,Agriculture,Grid,21.01568683,18.18871477,4.949184611,0.475967835,0.411941958,8.631437686,3.907817768,49.72420275,3.688816618,9.319110811,1.193886878,10.0226341,127.070972,115.5940299,102.2690961
59,42,Agriculture,Grid,22.30676335,19.36426562,5.352757295,0.474371911,0.411797245,8.227895237,3.819701039,51.11068417,3.473032714,8.956337137,1.200874022,9.606140284,130.1658091,119.2370831,106.2986859
60,43,Agriculture,Grid,27.01918286,23.58725226,6.73510971,0.471197331,0.411346648,7.621693205,3.689269366,55.67215121,3.123975787,8.32539933,1.211820217,8.892215626,141.1924889,131.0885711,118.7664085
61,44,Agriculture,Grid,21.81478282,18.96296069,5.273739392,0.473704242,0.411777417,7.87330819,3.713263352,50.64384374,3.317085053,8.679339123,1.205744238,9.291608088,128.634509,118.175981,105.6167595
62,45,Agriculture,Grid,15.88968917,13.77889756,3.83781588,0.474228444,0.411231779,7.166586843,3.147462598,43.91416066,3.193980474,7.754722248,1.180094514,8.386729303,111.218032,101.5525435,90.82003949
63,46,Agriculture,Grid,18.99279914,16.41222407,4.431811089,0.47676477,0.411986152,8.554457966,3.818837243,47.51073446,3.709351371,9.260851667,1.189823603,9.97610451,121.4599754,110.0550209,96.96511817
64,47,Agriculture,Grid,17.83560931,15.34532992,4.044316006,0.479126582,0.412229005,9.153646562,3.975491834,46.10359379,4.021068298,9.845792425,1.183065548,10.63525358,118.5529456,106.3417461,92.57369873
65,48,Agriculture,Grid,26.49823506,22.96042942,6.206459239,0.476029393,0.412474237,9.403494892,4.475068503,55.03155539,3.86658852,10.31876731,1.212276254,11.01941312,141.2883996,128.8985339,113.6628873
66,49,Agriculture,Grid,28.23645768,24.54955474,6.775843313,0.474069475,0.412169071,8.845105009,4.302019244,56.63387191,3.596231801,9.751668721,1.217488897,10.39364835,144.8654519,133.207472,118.6750395
67,50,Agriculture,Fine scale,22.94137245,19.98398425,5.654885332,0.472236685,0.411360327,7.544467574,3.543442544,51.81909896,3.169704508,8.205909835,1.202181083,8.796816634,131.2865323,121.2469064,109.3475968
68,51,Agriculture,Fine scale,20.81697515,18.08231381,5.039039125,0.473777134,0.411538504,7.812540946,3.585344023,49.59579348,3.334926757,8.472107817,1.195788154,9.104852956,125.9453517,115.5306574,103.4031785
69,52,Agriculture,Fine scale,20.22000441,17.55663892,4.895935704,0.473840693,0.411426713,7.770821971,3.518176291,48.95388245,3.34061427,8.365295672,1.190857282,9.007656487,124.2981712,113.9196317,102.0154236
70,54,Agriculture,Fine scale,22.74705486,19.77803729,5.530131138,0.473352391,0.41156894,7.931411462,3.693717174,51.58532185,3.340703509,8.608326782,1.200609467,9.233828562,131.0764723,120.5311902,108.0742954
71,55,Agriculture,Fine scale,24.07396526,20.882909,5.695893456,0.475274429,0.412275774,8.752688417,4.165402117,52.82110709,3.635545032,9.671328759,1.211228464,10.33207567,135.0063375,123.4423759,109.2842452
72,56,Agriculture,Fine scale,24.33644829,21.10460638,5.730535899,0.475585144,0.412428188,8.88307498,4.256633341,53.06379012,3.676885317,9.86924364,1.214166557,10.53192554,135.7479679,124.0277932,109.5386961
73,57,Agriculture,Fine scale,22.87750365,19.97109733,5.73874442,0.47085313,0.411034955,7.038800389,3.318356883,51.80451783,2.9580814,7.64596641,1.20165008,8.198234439,130.7499428,121.3643722,110.2796077
74,58,Agriculture,Fine scale,21.3905072,18.64452021,5.304370236,0.471786312,0.411221171,7.169768202,3.358424004,50.26869117,3.037978137,7.827265377,1.200566443,8.39615355,127.0001516,117.435373,106.1623327
75,59,Agriculture,Fine scale,21.28562776,18.55702143,5.294429106,0.471577438,0.411125889,7.095288202,3.307323204,50.1648622,3.012938047,7.714779153,1.198470707,8.28224686,126.6667087,117.1925187,106.1014291
76,61,Agriculture,Fine scale,19.81585429,17.29143977,4.96430678,0.471003097,0.411000281,6.678508428,3.120746879,48.62517141,2.857160319,7.318414879,1.198587043,7.856370754,122.3884245,113.4485441,102.987355
77,62,Agriculture,Fine scale,22.80489388,19.89383226,5.671089653,0.471469521,0.411286087,7.217835386,3.439456516,51.71696311,3.022814514,7.926061861,1.206446967,8.48291602,130.7012984,121.0963011,109.5726593
78,63,Agriculture,Fine scale,22.50808213,19.62845248,5.590523177,0.471600035,0.411264666,7.238885122,3.427128848,51.41450389,3.041499001,7.922393048,1.204235683,8.486166848,129.9582332,120.3187212,108.8307179
79,64,Agriculture,Fine scale,23.65053884,20.51874196,5.648704031,0.474738971,0.411874186,8.576536349,3.975163763,52.41871279,3.599092182,9.279356114,1.20079897,9.952884729,133.8222089,122.4486745,108.9800861
80,65,Agriculture,Fine scale,23.44520347,20.33510131,5.594747902,0.474839057,0.411849714,8.594920479,3.963669349,52.2139873,3.615131302,9.273536641,1.199085149,9.953273641,133.3218127,121.9185293,108.4845401
81,66,Agriculture,Fine scale,21.27876206,18.45687872,5.08977909,0.474703017,0.41175027,8.210637144,3.761224219,50.04562821,3.495887276,8.89769073,1.196427085,9.559818417,127.4663661,116.5414609,103.7789141
82,68,Agriculture,Fine scale,25.33067746,21.99183361,6.041620475,0.474676093,0.412108901,8.732813456,4.151955589,54.01833881,3.611746638,9.573631564,1.210045907,10.23225953,138.0429137,126.5024586,112.437315
83,69,Agriculture,Fine scale,24.10718853,20.9241025,5.743924082,0.474782598,0.412092838,8.599247464,4.070341306,52.86632939,3.578690756,9.443814503,1.208571106,10.09914154,134.9748436,123.5987458,109.7957707
84,70,Agriculture,Fine scale,22.75838324,19.72748307,5.385365337,0.47540835,0.412094747,8.653165437,4.031303119,51.52768826,3.638030532,9.458977563,1.203625971,10.134472,131.6333581,120.1678691,106.4578545
85,71,Agriculture,Likely to erode,28.38936861,24.5887535,6.525285447,0.477104922,0.413232696,9.937464264,4.938657023,56.67251,4.000294059,11.25960067,1.229426817,11.9490987,146.0095427,133.0061898,116.0926923
86,72,Agriculture,Likely to erode,21.44983522,18.42484231,4.71766277,0.481020621,0.413184017,10.43721225,4.732321105,50.00739331,4.430905776,11.45501189,1.201712656,12.28210989,129.5154987,115.7581889,99.28015493
87,73,Agriculture,Likely to erode,26.25451134,22.75750849,6.105765813,0.476334654,0.412888657,9.371089336,4.602070075,54.82168038,3.817746705,10.5667268,1.224091352,11.23525278,140.7042377,128.3998764,112.6849065
88,74,Agriculture,Likely to erode,27.66404175,23.81008968,5.992718681,0.481391301,0.414327384,11.45014035,5.641300217,55.89714851,4.617247511,13.11365335,1.232256648,13.90276515,145.4497789,130.5531987,110.8716072
89,75,Agriculture,Likely to erode,23.87711788,20.51049264,5.142823255,0.48206963,0.414098789,11.10917729,5.301360504,52.40954258,4.588853265,12.60999514,1.221787172,13.41899965,136.2088898,121.6933573,103.1346101
90,76,Agriculture,Likely to erode,25.07878889,21.53966286,5.393641375,0.482172268,0.414127976,11.38459024,5.433651639,53.535133,4.678806082,12.86532232,1.221990514,13.68969484,139.3396697,124.4795959,105.4650431
91,77,Agriculture,Likely to erode,26.62923676,22.97277618,5.921544832,0.479602494,0.413748274,10.63920722,5.206088457,55.04428531,4.321797909,12.08378117,1.227320222,12.83338243,142.4903312,128.5926461,110.5706235
92,78,Agriculture,Likely to erode,26.20534458,22.66361817,5.914823298,0.478341248,0.413692076,10.0137866,5.024738246,54.72415014,4.045075019,11.57361382,1.234559543,12.26014555,141.0597652,127.982756,110.6566059
93,101,Forest,Grid,28.38820689,24.29046777,6.18242364,0.482291492,0.412674389,12.54965596,5.336700945,56.37745066,5.267774184,12.78423644,1.179943396,13.82700785,147.8080455,131.2849182,112.7603135
94,101,Forest,Transect,28.38820689,24.29046777,6.18242364,0.482291492,0.412674389,12.54965596,5.336700945,56.37745066,5.267774184,12.78423644,1.179943396,13.82700785,147.8080455,131.2849182,112.7603135
95,102,Forest,Grid,16.19321837,13.71313725,3.470093309,0.485169001,0.41086268,11.31740969,4.009511844,43.81869444,5.25971315,10.74471743,1.115570885,11.96300694,115.0659418,99.81343825,85.69785654
96,102,Forest,Transect,16.19321837,13.71313725,3.470093309,0.485169001,0.41086268,11.31740969,4.009511844,43.81869444,5.25971315,10.74471743,1.115570885,11.96300694,115.0659418,99.81343825,85.69785654
97,103,Forest,Grid,14.97473605,12.6271604,3.166768946,0.486687864,0.410390254,11.56931904,3.890545668,42.19601158,5.482142676,10.7214671,1.098130669,12.04175009,111.358738,95.6960834,81.916561
98,103,Forest,Transect,14.97473605,12.6271604,3.166768946,0.486687864,0.410390254,11.56931904,3.890545668,42.19601158,5.482142676,10.7214671,1.098130669,12.04175009,111.358738,95.6960834,81.916561
99,104,Forest,Grid,18.27474722,15.43063322,3.789975353,0.487386953,0.411534519,12.61545797,4.584581057,46.21845731,5.737864717,12.12631832,1.128838481,13.41531541,122.1934626,105.351564,89.09903478
100,104,Forest,Transect,18.27474722,15.43063322,3.789975353,0.487386953,0.411534519,12.61545797,4.584581057,46.21845731,5.737864717,12.12631832,1.128838481,13.41531541,122.1934626,105.351564,89.09903478
101,105,Forest,Grid,13.7045947,11.52719729,2.887151988,0.487379423,0.409944175,11.44420202,3.696998136,40.45458658,5.52602015,10.43831931,1.083908237,11.81081745,107.0353533,91.45355469,78.30519192
102,105,Forest,Transect,13.7045947,11.52719729,2.887151988,0.487379423,0.409944175,11.44420202,3.696998136,40.45458658,5.52602015,10.43831931,1.083908237,11.81081745,107.0353533,91.45355469,78.30519192
103,106,Forest,Grid,19.30202991,16.18037479,3.834263114,0.490937584,0.41153983,14.31298214,5.017406647,47.210251,6.502272348,13.46712874,1.120982526,14.95470167,126.2484431,107.2245591,89.23628346
104,106,Forest,Transect,19.30202991,16.18037479,3.834263114,0.490937584,0.41153983,14.31298214,5.017406647,47.210251,6.502272348,13.46712874,1.120982526,14.95470167,126.2484431,107.2245591,89.23628346
105,107,Forest,Grid,13.57088143,11.45681843,2.93609679,0.485301821,0.409701822,10.75776365,3.471778761,40.33945818,5.21024032,9.751526024,1.08008671,11.05616859,106.1085551,91.40814928,79.16177556
106,107,Forest,Transect,13.57088143,11.45681843,2.93609679,0.485301821,0.409701822,10.75776365,3.471778761,40.33945818,5.21024032,9.751526024,1.08008671,11.05616859,106.1085551,91.40814928,79.16177556
107,108,Forest,Grid,29.58458076,25.15906005,5.91247673,0.487742737,0.414781906,14.63427533,6.620240318,57.23007177,5.988016275,15.90876514,1.210801188,16.99838661,151.9165425,132.925884,109.2946607
108,108,Forest,Transect,29.58458076,25.15906005,5.91247673,0.487742737,0.414781906,14.63427533,6.620240318,57.23007177,5.988016275,15.90876514,1.210801188,16.99838661,151.9165425,132.925884,109.2946607
109,109,Forest,Grid,29.60359177,25.21092171,5.958021097,0.48712123,0.414840715,14.32509072,6.571868836,57.28035487,5.840158052,15.71283915,1.214938955,16.76307729,151.7529876,133.169774,109.7567565
110,109,Forest,Transect,29.60359177,25.21092171,5.958021097,0.48712123,0.414840715,14.32509072,6.571868836,57.28035487,5.840158052,15.71283915,1.214938955,16.76307729,151.7529876,133.169774,109.7567565
111,110,Forest,Grid,29.70741762,25.37956998,6.068341852,0.485769889,0.41500177,13.65251092,6.481734081,57.44339465,5.513055169,15.31527693,1.225266441,16.27733039,151.5321028,133.8421144,110.843127
112,110,Forest,Transect,29.70741762,25.37956998,6.068341852,0.485769889,0.41500177,13.65251092,6.481734081,57.44339465,5.513055169,15.31527693,1.225266441,16.27733039,151.5321028,133.8421144,110.843127
113,111,Forest,Grid,19.83049025,16.7846372,4.139258569,0.486585425,0.411848609,12.67670065,4.757329946,47.98752448,5.67490538,12.33898822,1.139726431,13.58142781,126.6434281,109.7808607,92.97821326
114,111,Forest,Transect,19.83049025,16.7846372,4.139258569,0.486585425,0.411848609,12.67670065,4.757329946,47.98752448,5.67490538,12.33898822,1.139726431,13.58142781,126.6434281,109.7808607,92.97821326
115,112,Forest,Grid,19.86971231,16.84135428,4.227653371,0.485352554,0.411379601,12.33262423,4.536732947,48.05951701,5.550049228,11.77052773,1.13019049,13.01339193,126.5123404,110.0528204,94.13612296
116,112,Forest,Transect,19.86971231,16.84135428,4.227653371,0.485352554,0.411379601,12.33262423,4.536732947,48.05951701,5.550049228,11.77052773,1.13019049,13.01339193,126.5123404,110.0528204,94.13612296
117,113,Forest,Grid,15.40554148,12.90295439,3.13178024,0.489993836,0.410395708,12.885841,4.210735826,42.61665659,6.10389031,11.77798897,1.092659052,13.26568887,113.6265244,96.25434904,81.17874193
118,113,Forest,Transect,15.40554148,12.90295439,3.13178024,0.489993836,0.410395708,12.885841,4.210735826,42.61665659,6.10389031,11.77798897,1.092659052,13.26568887,113.6265244,96.25434904,81.17874193
119,114,Forest,Grid,16.2145773,13.63753695,3.355887245,0.488273204,0.41067021,12.49804886,4.227757327,43.70856531,5.850033018,11.57974279,1.103001025,12.97356271,115.9230215,99.10454025,84.07231149
120,114,Forest,Transect,16.2145773,13.63753695,3.355887245,0.488273204,0.41067021,12.49804886,4.227757327,43.70856531,5.850033018,11.57974279,1.103001025,12.97356271,115.9230215,99.10454025,84.07231149
121,115,Forest,Grid,25.19437145,21.27532327,5.041160601,0.489108,0.413026014,14.81605243,5.850913467,53.24951112,6.376854364,14.75694052,1.162905599,16.07580683,141.9087221,122.4571862,101.596697
122,116,Forest,Grid,12.99613004,10.93487589,2.719760978,0.487645631,0.410302485,11.16636828,3.697410118,39.47056745,5.402998269,10.4546496,1.093796556,11.76826617,104.3939265,89.1807279,75.95795179
123,117,Forest,Grid,10.39843306,8.690384316,2.131433587,0.490024038,0.409532589,10.90111979,3.348096696,35.38120874,5.514345096,10.05151969,1.069022383,11.4647743,94.46087744,79.38927739,67.19946198
124,118,Forest,Grid,23.51038289,19.93346759,4.740116079,0.487929587,0.413695032,13.66792251,5.73454832,51.76190507,5.839327792,14.31791242,1.183555019,15.46287053,137.0203374,119.1103456,98.66067748
125,119,Forest,Grid,17.51481043,14.87573447,3.76780124,0.484391912,0.411405279,11.28783773,4.210770621,45.46352469,5.141096767,11.01063292,1.13396026,12.15174527,119.0669572,103.9366698,89.15284449
126,120,Forest,Grid,17.05062455,14.36284827,3.549287061,0.487679594,0.410804191,12.53119859,4.304939275,44.74886666,5.814284345,11.65090009,1.107915696,13.02111267,118.5059278,101.6773039,86.42121974
127,121,Forest,Grid,9.800814163,8.173440854,2.00666806,0.490508578,0.409062225,10.8261535,3.203438775,34.34151686,5.561275227,9.822268453,1.055607811,11.28737081,91.97089461,76.91680294,65.21416155
128,122,Forest,Grid,21.95221529,18.73442796,4.837306789,0.482212446,0.411529051,11.53604925,4.478660128,50.37504087,5.08464582,11.23086466,1.145667323,12.32825796,131.5579084,116.1877587,100.6663552
129,123,Forest,Grid,21.59354626,18.31111457,4.46876195,0.486632423,0.412659502,12.94176211,5.145911627,49.87130223,5.661368382,13.05297717,1.161560999,14.22783557,131.5915701,114.4924145,96.28192173
130,124,Forest,Grid,20.79946242,17.60973769,4.366714219,0.486242381,0.411674139,12.85971632,4.784474819,49.0192993,5.739570604,12.35504373,1.135906382,13.62313387,129.4055586,112.3011844,95.45899083
131,125,Forest,Grid,29.10151658,24.79138561,5.895052649,0.486745477,0.414655187,14.10749264,6.431682093,56.87159176,5.772996077,15.39920335,1.21212274,16.44575774,150.4958127,132.1703656,109.3024035
132,126,Forest,Grid,23.76203636,20.03915519,4.65236626,0.490408495,0.413574484,14.8301014,5.972591009,51.88145232,6.383226731,15.16055147,1.172283034,16.44955636,138.4163208,118.9948237,97.52010289
133,127,Forest,Grid,23.70182931,20.16860247,5.038142183,0.484615015,0.412373554,12.70291713,5.087854944,52.02730371,5.501833532,12.67057486,1.16114115,13.81353102,136.8264953,120.0337395,102.213584
134,128,Forest,Grid,14.64490897,12.35903107,3.133283839,0.485940876,0.410091889,11.26770002,3.729058874,41.78114326,5.374463703,10.32316213,1.090787673,11.63840781,110.0719644,94.76929973,81.60464698
135,129,Forest,Grid,18.31821966,15.45922598,3.761205557,0.487982894,0.411821562,12.77728085,4.707974929,46.25686359,5.789351747,12.43390192,1.135037042,13.71563015,122.4322146,105.4082687,88.66005012
136,130,Forest,Grid,19.41880713,16.26995129,3.752298592,0.492350069,0.412513064,14.62657074,5.387078916,47.32668292,6.561849487,14.35339293,1.142001102,15.78219748,126.7969142,107.4696718,87.96250684
137,131,Forest,Grid,13.5011438,11.33455934,2.795710232,0.488615751,0.410205558,11.71227796,3.818336191,40.13833607,5.651520782,10.82032043,1.089463391,12.20733474,106.5205473,90.60058948,76.93060611
138,132,Forest,Grid,10.62479723,9.01677311,2.396669179,0.482107349,0.409142169,8.749696587,2.771881581,36.01656903,4.410998089,8.015761392,1.067730039,9.149280563,93.87554162,81.67981152,71.90525007
139,133,Forest,Grid,32.21943132,27.55028864,6.639603265,0.485164277,0.414855736,13.8858771,6.598371961,59.4802576,5.567157192,15.43844563,1.224706608,16.41154602,157.0584603,139.0620406,115.7282703
140,134,Forest,Grid,21.03478478,17.86681031,4.512597894,0.484514011,0.411543071,12.25773464,4.614470708,49.33416295,5.456927973,11.79926881,1.137612485,13.00003105,129.6287975,113.3006745,97.16825359
141,135,Forest,Grid,26.60655683,22.52540963,5.257366758,0.489187038,0.414151237,14.83865313,6.303436084,54.58009226,6.234441342,15.57601451,1.190066619,16.77738021,145.296277,125.9509378,103.3699431
142,136,Forest,Grid,14.14858216,11.85519066,2.948854416,0.488680424,0.409468563,12.17318532,3.755772096,40.98503729,5.898572542,10.73821021,1.068485432,12.25162506,109.0211791,92.4551859,79.08967264
143,137,Forest,Grid,15.96025875,13.38763753,3.188014002,0.490542868,0.411472659,13.01260653,4.558008118,43.34160718,6.048356164,12.49667361,1.120032648,13.88342406,115.4831996,98.06246648,81.64313652
144,138,Forest,Grid,14.53585876,12.21462629,2.998249055,0.488621086,0.410593145,12.02587583,4.032534421,41.55521986,5.715174998,11.23536571,1.100231035,12.60542216,110.2297204,93.97121088,79.55505216
145,139,Forest,Grid,13.23696954,11.17253685,2.809539942,0.48631276,0.410467608,10.78456386,3.66145865,39.86956043,5.184295868,10.21538973,1.101167858,11.45561482,104.9820034,90.29876583,77.26770348
146,140,Forest,Grid,27.40630476,23.28057205,5.47838763,0.487958261,0.414501245,14.35363978,6.352459506,55.36016931,5.952007129,15.45432369,1.203169569,16.56087285,146.8334,128.1597926,105.4762892
147,141,Forest,Grid,26.30472282,22.27291087,5.172550939,0.489388511,0.414378314,14.78243765,6.354216079,54.31537797,6.196998907,15.69334304,1.19471088,16.87257571,144.5560898,125.3064349,102.4989846
148,142,Forest,Grid,25.73912399,21.7811705,5.124439547,0.488921152,0.413738827,14.64223892,6.076858973,53.79404902,6.211330532,15.12273937,1.181076132,16.34863521,143.1126669,123.9683095,102.2510157
149,143,Forest,Grid,18.1143877,15.29403998,3.952861031,0.48484376,0.409355258,12.19665591,3.841425113,46.03432528,5.727970627,10.46484819,1.069987296,11.92990759,121.4100538,104.8999849,91.5543739
150,144,Forest,Grid,17.2471586,14.54663135,3.66855129,0.48635138,0.410199407,12.26481959,4.077449361,45.00687792,5.726646109,11.06454943,1.093194054,12.4586809,118.9087266,102.3747951,88.0443937
151,145,Forest,Grid,17.75253821,14.97851764,3.799432769,0.485964981,0.410027848,12.32658573,4.058157347,45.60475967,5.748721729,10.98914223,1.08881842,12.40197761,120.448822,103.8276493,89.61165492
152,146,Forest,Grid,19.48436626,16.42326277,4.0332843,0.487829762,0.411188964,13.25441975,4.675696118,47.52497016,6.021370746,12.38492623,1.118261321,13.77110392,126.0555392,108.3691268,91.82884856
153,147,Forest,Grid,24.75601946,20.91431095,5.180547954,0.486835631,0.411287113,14.26098782,5.121142778,52.85558559,6.29635242,13.12209761,1.123415994,14.55450101,140.4463991,121.5171388,103.5551327
154,148,Forest,Grid,17.89359642,15.05094041,3.590314162,0.489767877,0.411961182,13.27898882,4.844904861,45.70388865,6.038076718,12.94018505,1.134212085,14.27959241,121.5297248,103.8582269,86.48557719
155,149,Forest,Grid,24.58613266,20.88145169,5.051783252,0.486667467,0.413335572,13.50013142,5.627454599,52.81950615,5.756967861,13.94210651,1.179202289,15.08393228,139.5641074,121.8446296,101.9165728
156,150,Forest,Fine scale,18.19438827,15.3515738,3.769109528,0.487588191,0.411404109,12.70314509,4.563063439,46.11201579,5.794573284,12.11773124,1.124748767,13.43192056,122.016624,105.0460557,88.86657593
157,151,Forest,Fine scale,15.00202889,12.56698818,3.084937221,0.489399467,0.409963036,12.63226843,4.020848041,42.10342385,6.036859745,11.34049865,1.081622385,12.84720146,112.1516165,95.05796928,80.71056448
158,152,Forest,Fine scale,12.0663236,10.11407809,2.508925878,0.488726296,0.40965385,11.27062039,3.524620774,38.0463982,5.565882709,10.25979996,1.073733928,11.67229821,101.1079123,85.65748095,72.99584403
159,153,Forest,Fine scale,16.41523837,13.85527684,3.453775569,0.486748216,0.41083968,11.96908195,4.161444631,44.02466226,5.568888428,11.24488147,1.110965868,12.54830178,116.1925348,100.0872046,85.36509391
160,154,Forest,Fine scale,18.5045422,15.63158786,3.859667353,0.487015498,0.411403074,12.580177,4.547099129,46.48738558,5.722047239,12.01032327,1.126183994,13.30374721,122.8313601,106.0271454,89.94572585
161,155,Forest,Fine scale,18.35810655,15.56641637,3.926913138,0.485004229,0.411250351,11.80683587,4.318700885,46.40042345,5.369388228,11.30764835,1.127473891,12.51771709,121.8861375,106.0763204,90.91715671
162,156,Forest,Fine scale,18.69837171,15.77569705,3.874379512,0.487591351,0.411377716,12.868283,4.613422943,46.67882433,5.853951263,12.21891515,1.124016796,13.54882404,123.5795452,106.4008861,90.05897188
163,157,Forest,Fine scale,19.23350143,16.24948663,3.972074336,0.487478672,0.411847952,12.85467979,4.772891373,47.30012061,5.784378691,12.49117178,1.137120652,13.7654789,125.0969791,107.9922332,91.06670217
164,158,Forest,Fine scale,20.55441406,17.37870999,4.204494506,0.487792494,0.412427436,13.19747748,5.085599687,48.7337105,5.842968582,13.11344264,1.151631733,14.35627597,128.9830525,111.5124022,93.43962884
165,159,Forest,Fine scale,22.08439544,18.62511155,4.387288181,0.489710973,0.413002997,14.24499628,5.575388126,50.24568829,6.225463087,14.31309849,1.160529338,15.60836888,133.7485488,115.0018469,95.03023896
166,160,Forest,Fine scale,22.41422259,18.92367822,4.468765808,0.489322281,0.413120614,14.1403562,5.604317174,50.59779354,6.153096446,14.30551948,1.164596621,15.57268389,134.5358253,115.9406163,95.88922931
167,161,Forest,Fine scale,25.42714041,21.51952675,5.053075329,0.488985891,0.413839102,14.56172247,6.078033444,53.51345821,6.175153422,15.12964904,1.183284619,16.34132185,142.3158742,123.2840741,101.5430033
168,162,Forest,Fine scale,26.66710978,22.61361773,5.271531719,0.488836029,0.414531278,14.57142753,6.376510152,54.67210135,6.073193007,15.63943526,1.200394426,16.77723483,145.2681596,126.3107483,103.4576496
169,163,Forest,Fine scale,27.2430363,23.12467318,5.429509089,0.488250795,0.414441325,14.46956391,6.350130579,55.20052409,6.016274037,15.49997626,1.200549362,16.62662976,146.5338643,127.7023401,105.0078459
170,164,Forest,Fine scale,31.70861943,27.0203053,6.404183576,0.486827978,0.414847472,14.60466648,6.73607115,58.99311727,5.908793286,15.97052828,1.21643305,17.02855283,156.4696149,137.5354549,113.5753328
171,165,Forest,Fine scale,29.06819425,24.69142617,5.829099544,0.487813705,0.414364098,14.69900942,6.460721776,56.77351985,6.073583696,15.64277921,1.200444859,16.78049345,150.8110136,131.6853621,108.6577132
172,166,Forest,Fine scale,30.62072049,25.97305406,6.010523208,0.48911531,0.414876534,15.47387707,6.894829704,58.01146413,6.331812705,16.64935724,1.207383936,17.81271873,154.7298301,134.6710101,109.9349091
173,167,Forest,Fine scale,28.55525336,24.22911058,5.685498108,0.48837559,0.414386313,14.84089307,6.477444821,56.316458,6.151707756,15.76413807,1.198736881,16.92192535,149.7616547,130.4523933,107.3118112
174,168,Forest,Fine scale,28.86243076,24.5177268,5.728977639,0.488290527,0.414787439,14.73423596,6.610546776,56.60246894,6.054613035,15.98031346,1.208628804,17.08884891,150.3856124,131.2621246,107.6125423
175,169,Forest,Fine scale,29.90182224,25.33451743,5.813050241,0.489797233,0.414983958,15.60374249,6.929454632,57.39991123,6.401516723,16.82365448,1.207206446,18.00041018,153.2584521,133.042057,108.1020275
176,170,Forest,Fine scale,29.47241406,25.05356541,5.924787212,0.48754409,0.414445784,14.63126137,6.493085416,57.12757453,6.022818785,15.65551158,1.2035408,16.77406894,151.6609013,132.6344965,109.5082525
177,171,Forest,Likely to erode,28.07528264,24.00455745,5.861826019,0.484543931,0.414288354,12.99712236,5.999690908,56.09235686,5.32666963,14.26320542,1.213380603,15.22538794,147.4416209,130.5130647,109.369314
178,172,Forest,Likely to erode,29.05548376,24.77509639,5.918360553,0.486292868,0.414653316,13.88655513,6.37844638,56.85562813,5.673056443,15.22657972,1.214152598,16.24907073,150.2453923,132.2064075,109.5634092
179,173,Forest,Likely to erode,31.63743011,27.08237816,6.517631801,0.484958179,0.415135513,13.58100729,6.606496176,59.05049976,5.414940722,15.40418626,1.232764495,16.32821292,155.6360049,138.0671405,114.688948
180,174,Forest,Likely to erode,30.79597283,26.28772963,6.273453853,0.486069366,0.414913345,14.03766058,6.589037744,58.30915949,5.668151071,15.56772588,1.22161918,16.56749907,154.1489349,135.9543185,112.5670339
181,175,Forest,Likely to erode,29.62547675,25.21696301,5.866285103,0.487993724,0.415376259,14.55900361,6.819517565,57.2862078,5.894185459,16.29367528,1.223695189,17.32701002,151.9685237,133.1444652,108.7147176
182,176,Forest,Likely to erode,31.82312858,27.23229054,6.58708295,0.48479457,0.414857595,13.63230549,6.523313518,59.18872375,5.461411025,15.23903356,1.226672937,16.18811769,156.0559865,138.3884206,115.347094
183,177,Forest,Likely to erode,29.82032621,25.41565953,6.005119394,0.486933182,0.415009812,14.22298128,6.62012998,57.47819015,5.770599732,15.76318148,1.219867973,16.78623578,152.1629223,133.7330804,110.1473685
184,178,Forest,Likely to erode,27.25916153,23.26746136,5.626106499,0.485446778,0.414360292,13.22229743,6.038048022,55.34677105,5.447625466,14.47285547,1.210796242,15.46415754,145.7336312,128.5125722,107.1531489
