,sample_number,site,sample_design,Ag,Al,As,B,Ba,Be,Bi,Ca,Cd,Ce,Co,Cr,Cs,Cu,Fe,Ga,Hf,Hg,In,K,La,Li,Mg,Mn,Mo,Nb,Ni,P,Pb,Rb,S,Sb,Sc,Se,Sn,Sr,Te,Th,Tl,U,V,Y,Zn,Zr
1,101,Forest,Grid,0.06,0.81,4.9,20,140,0.53,0.21,0.87,0.44,29.2,6.6,15,0.62,10.5,1.21,2.48,0.11,0.07,0.019,0.23,13.8,8.6,0.28,843,0.62,0.38,13.1,630,11.8,17.6,0.04,0.26,1.7,0.9,0.5,30.1,0.04,1.6,0.15,0.92,44,6.82,95,3.8
2,101,Forest,Transect,0.06,0.81,4.9,20,140,0.53,0.21,0.87,0.44,29.2,6.6,15,0.62,10.5,1.21,2.48,0.11,0.07,0.019,0.23,13.8,8.6,0.28,843,0.62,0.38,13.1,630,11.8,17.6,0.04,0.26,1.7,0.9,0.5,30.1,0.04,1.6,0.15,0.92,44,6.82,95,3.8
3,102,Forest,Grid,0.07,0.65,4.5,20,150,0.45,0.2,1.26,1.23,26.7,6.1,12,0.43,11.3,1.07,2.16,0.11,0.1,0.017,0.18,13.1,6.5,0.26,996,0.78,0.4,15.2,860,15.9,14,0.07,0.31,1.4,1.3,0.4,30.6,0.05,1.2,0.14,0.96,32,7.24,170,4.2
4,102,Forest,Transect,0.07,0.65,4.5,20,150,0.45,0.2,1.26,1.23,26.7,6.1,12,0.43,11.3,1.07,2.16,0.11,0.1,0.017,0.18,13.1,6.5,0.26,996,0.78,0.4,15.2,860,15.9,14,0.07,0.31,1.4,1.3,0.4,30.6,0.05,1.2,0.14,0.96,32,7.24,170,4.2
5,103,Forest,Grid,0.08,0.7,3.9,20,150,0.48,0.19,1.28,0.49,29.1,6.7,14,0.46,14.2,1.2,2.17,0.11,0.07,0.017,0.2,14.9,6.1,0.38,843,0.67,0.39,19.5,800,11.5,13.7,0.05,0.29,1.6,1.3,0.4,28.1,0.03,1.6,0.15,1.07,36,9.1,95,4
6,103,Forest,Transect,0.08,0.7,3.9,20,150,0.48,0.19,1.28,0.49,29.1,6.7,14,0.46,14.2,1.2,2.17,0.11,0.07,0.017,0.2,14.9,6.1,0.38,843,0.67,0.39,19.5,800,11.5,13.7,0.05,0.29,1.6,1.3,0.4,28.1,0.03,1.6,0.15,1.07,36,9.1,95,4
7,104,Forest,Grid,0.07,0.66,4.4,20,130,0.43,0.19,1.18,0.55,26.4,5.7,13,0.46,11.2,1.1,2.13,0.11,0.07,0.016,0.19,13.2,6.5,0.27,717,0.65,0.41,14.2,720,12.7,13.1,0.06,0.28,1.4,1,0.4,27.8,0.03,1.3,0.15,0.95,34,7.63,137,4.4
8,104,Forest,Transect,0.07,0.66,4.4,20,130,0.43,0.19,1.18,0.55,26.4,5.7,13,0.46,11.2,1.1,2.13,0.11,0.07,0.016,0.19,13.2,6.5,0.27,717,0.65,0.41,14.2,720,12.7,13.1,0.06,0.28,1.4,1,0.4,27.8,0.03,1.3,0.15,0.95,34,7.63,137,4.4
9,105,Forest,Grid,0.13,0.78,3.6,20,200,0.51,0.2,1.31,0.58,26.2,5.9,14,0.4,12.5,1.17,2.37,0.13,0.08,0.018,0.22,13.4,5.6,0.27,1100,0.73,0.41,16.2,860,14,13.6,0.06,0.2,1.5,0.9,0.5,28,0.03,1.6,0.13,0.89,36,7.2,194,4.3
10,105,Forest,Transect,0.13,0.78,3.6,20,200,0.51,0.2,1.31,0.58,26.2,5.9,14,0.4,12.5,1.17,2.37,0.13,0.08,0.018,0.22,13.4,5.6,0.27,1100,0.73,0.41,16.2,860,14,13.6,0.06,0.2,1.5,0.9,0.5,28,0.03,1.6,0.13,0.89,36,7.2,194,4.3
11,106,Forest,Grid,0.07,0.86,4.7,10,190,0.57,0.21,0.62,0.41,33.3,8.4,17,0.56,12.4,1.36,2.67,0.09,0.04,0.018,0.21,16,6.5,0.25,1220,0.62,0.4,19.2,670,11.1,15.2,0.03,0.2,2,0.6,0.4,18.9,0.03,2.1,0.16,0.89,43,8,123,3.3
12,106,Forest,Transect,0.07,0.86,4.7,10,190,0.57,0.21,0.62,0.41,33.3,8.4,17,0.56,12.4,1.36,2.67,0.09,0.04,0.018,0.21,16,6.5,0.25,1220,0.62,0.4,19.2,670,11.1,15.2,0.03,0.2,2,0.6,0.4,18.9,0.03,2.1,0.16,0.89,43,8,123,3.3
13,107,Forest,Grid,0.08,0.65,3.6,20,170,0.44,0.17,1.08,0.56,27.3,5.9,13,0.43,13.2,1.16,2.13,0.12,0.08,0.015,0.21,13.5,5.3,0.24,883,0.56,0.4,14.5,890,10.5,12.1,0.06,0.18,1.4,0.8,0.4,25.4,0.03,1.6,0.13,1.02,30,7.05,112,4
14,107,Forest,Transect,0.08,0.65,3.6,20,170,0.44,0.17,1.08,0.56,27.3,5.9,13,0.43,13.2,1.16,2.13,0.12,0.08,0.015,0.21,13.5,5.3,0.24,883,0.56,0.4,14.5,890,10.5,12.1,0.06,0.18,1.4,0.8,0.4,25.4,0.03,1.6,0.13,1.02,30,7.05,112,4
15,108,Forest,Grid,0.06,0.56,6.6,10,170,0.37,0.14,4.51,0.33,34.7,7.6,12,0.75,11.3,1.21,1.9,0.09,0.03,0.013,0.15,16.8,6.8,1.6,1000,1.13,0.33,20.1,580,8.6,12.1,0.07,0.36,1.9,0.8,0.3,51.1,0.03,3.9,0.19,1.26,31,10.15,50,5.1
16,108,Forest,Transect,0.06,0.56,6.6,10,170,0.37,0.14,4.51,0.33,34.7,7.6,12,0.75,11.3,1.21,1.9,0.09,0.03,0.013,0.15,16.8,6.8,1.6,1000,1.13,0.33,20.1,580,8.6,12.1,0.07,0.36,1.9,0.8,0.3,51.1,0.03,3.9,0.19,1.26,31,10.15,50,5.1
17,109,Forest,Grid,0.06,0.53,6.9,10,220,0.39,0.12,4.76,0.36,37.8,7.6,13,0.72,10.5,1.29,1.86,0.11,0.03,0.011,0.13,18.1,6.5,1.58,1020,1.19,0.27,20.1,590,7.8,11.2,0.08,0.36,2,0.8,0.3,58.3,0.04,4.7,0.18,1.35,32,10.35,45,5.6
18,109,Forest,Transect,0.06,0.53,6.9,10,220,0.39,0.12,4.76,0.36,37.8,7.6,13,0.72,10.5,1.29,1.86,0.11,0.03,0.011,0.13,18.1,6.5,1.58,1020,1.19,0.27,20.1,590,7.8,11.2,0.08,0.36,2,0.8,0.3,58.3,0.04,4.7,0.18,1.35,32,10.35,45,5.6
19,110,Forest,Grid,0.05,0.55,7.3,10,290,0.39,0.14,4.47,0.32,36.8,9.6,13,0.78,10.3,1.31,1.88,0.12,0.03,0.015,0.13,17.3,6.5,1.48,1400,1.18,0.18,23.6,590,9,11.8,0.08,0.35,2,0.6,0.3,59.7,0.04,4.6,0.18,1.32,35,10.5,49,6.8
20,110,Forest,Transect,0.05,0.55,7.3,10,290,0.39,0.14,4.47,0.32,36.8,9.6,13,0.78,10.3,1.31,1.88,0.12,0.03,0.015,0.13,17.3,6.5,1.48,1400,1.18,0.18,23.6,590,9,11.8,0.08,0.35,2,0.6,0.3,59.7,0.04,4.6,0.18,1.32,35,10.5,49,6.8
21,111,Forest,Grid,0.09,0.72,6,20,160,0.51,0.21,0.82,0.51,39.1,9.3,15,0.65,18.1,1.35,2.49,0.1,0.06,0.02,0.21,19.3,7.4,0.29,1050,0.8,0.43,25.9,840,12.7,17.1,0.05,0.37,1.9,1.1,0.4,25.4,0.04,2.3,0.21,1.26,40,12.2,92,4.2
22,111,Forest,Transect,0.09,0.72,6,20,160,0.51,0.21,0.82,0.51,39.1,9.3,15,0.65,18.1,1.35,2.49,0.1,0.06,0.02,0.21,19.3,7.4,0.29,1050,0.8,0.43,25.9,840,12.7,17.1,0.05,0.37,1.9,1.1,0.4,25.4,0.04,2.3,0.21,1.26,40,12.2,92,4.2
23,112,Forest,Grid,0.08,0.79,5.1,20,140,0.53,0.22,0.98,0.41,28.1,6,15,0.53,12.8,1.22,2.47,0.16,0.07,0.018,0.24,14.1,7.6,0.31,707,0.71,0.43,14.9,860,12.8,15.4,0.06,0.31,1.6,1.1,0.4,26.2,0.04,1.6,0.15,1,40,8.23,99,5.6
24,112,Forest,Transect,0.08,0.79,5.1,20,140,0.53,0.22,0.98,0.41,28.1,6,15,0.53,12.8,1.22,2.47,0.16,0.07,0.018,0.24,14.1,7.6,0.31,707,0.71,0.43,14.9,860,12.8,15.4,0.06,0.31,1.6,1.1,0.4,26.2,0.04,1.6,0.15,1,40,8.23,99,5.6
25,113,Forest,Grid,0.07,0.65,4.5,10,140,0.41,0.18,0.95,0.42,25,4.5,13,0.42,12.7,1.12,2.12,0.11,0.06,0.015,0.17,12.6,5.4,0.23,543,0.84,0.46,13.5,760,10.2,12.8,0.05,0.2,1.5,0.8,0.4,24.1,0.03,1.5,0.15,0.93,31,7.01,86,3.7
26,113,Forest,Transect,0.07,0.65,4.5,10,140,0.41,0.18,0.95,0.42,25,4.5,13,0.42,12.7,1.12,2.12,0.11,0.06,0.015,0.17,12.6,5.4,0.23,543,0.84,0.46,13.5,760,10.2,12.8,0.05,0.2,1.5,0.8,0.4,24.1,0.03,1.5,0.15,0.93,31,7.01,86,3.7
27,114,Forest,Grid,0.07,0.68,3.7,10,190,0.44,0.16,0.83,0.5,25.8,5.2,14,0.43,23.1,1.18,2.2,0.1,0.05,0.015,0.19,14.3,5.2,0.22,726,0.6,0.4,14.7,790,8.4,12.5,0.04,0.17,1.6,0.7,0.4,20.2,0.02,1.9,0.12,0.83,33,7.09,145,3.2
28,114,Forest,Transect,0.07,0.68,3.7,10,190,0.44,0.16,0.83,0.5,25.8,5.2,14,0.43,23.1,1.18,2.2,0.1,0.05,0.015,0.19,14.3,5.2,0.22,726,0.6,0.4,14.7,790,8.4,12.5,0.04,0.17,1.6,0.7,0.4,20.2,0.02,1.9,0.12,0.83,33,7.09,145,3.2
29,115,Forest,Grid,0.07,0.57,5.9,20,140,0.39,0.15,4.16,0.39,37.1,7.4,13,0.62,12.3,1.22,1.97,0.06,0.04,0.013,0.17,18.2,6.6,1.55,866,0.82,0.36,19.2,750,8.7,12.6,0.04,0.39,1.7,0.6,0.3,43.9,0.04,2.8,0.2,1.26,34,10.4,70,2.6
30,116,Forest,Grid,0.07,0.64,3.9,20,150,0.43,0.19,1.2,0.37,26,5.8,12,0.43,10.9,0.93,1.93,0.15,0.07,0.016,0.2,12.2,5.8,0.25,782,0.73,0.34,14.6,840,13.9,13.8,0.08,0.29,1.3,1.6,0.4,34.1,0.04,1.4,0.13,0.77,34,7.61,93,5
31,117,Forest,Grid,0.07,0.55,3.5,20,170,0.35,0.2,1.6,0.55,22.1,6,10,0.34,14.2,0.87,1.71,0.12,0.08,0.027,0.2,10.3,5,0.23,975,0.61,0.32,15.5,940,14.2,12,0.1,0.28,1,1.9,0.4,44.5,0.04,1,0.13,0.65,27,6.04,128,4
32,118,Forest,Grid,0.05,0.53,5.7,20,200,0.37,0.13,4.17,0.32,35.4,8.2,12,0.66,10.9,1.16,1.86,0.07,0.04,0.016,0.15,17.1,6.4,1.54,930,0.86,0.34,21.1,720,8.7,11.1,0.07,0.35,1.8,0.7,0.3,42.2,0.04,3.4,0.18,1.16,32,9.96,43,3.2
33,119,Forest,Grid,0.1,0.81,4.5,20,160,0.57,0.22,0.9,0.55,30.1,6.4,15,0.49,17.8,1.21,2.68,0.13,0.07,0.024,0.21,15.2,7.7,0.31,803,0.7,0.41,18.6,780,11.1,14.4,0.04,0.27,1.7,1.2,0.5,27.9,0.04,1.5,0.13,1.27,42,8.47,122,4
34,120,Forest,Grid,0.07,0.82,4.5,20,160,0.53,0.23,0.8,0.47,27.9,6,15,0.53,11.9,1.21,2.57,0.15,0.07,0.021,0.23,13.4,7.4,0.27,947,0.88,0.39,14.4,760,13.1,15.6,0.05,0.25,1.7,0.8,0.5,26.1,0.05,1.6,0.14,1.21,41,7.15,131,4.8
35,121,Forest,Grid,0.07,0.6,3.5,20,250,0.38,0.17,1.46,1.5,25.6,6.4,11,0.43,14.1,1.03,1.89,0.11,0.1,0.015,0.15,11,4.3,0.2,1880,0.75,0.34,14.4,940,14.1,11.9,0.07,0.19,1.1,0.9,0.4,28.9,0.04,1.1,0.12,0.69,26,5.64,318,3.4
36,122,Forest,Grid,0.07,0.49,1.7,20,60,0.35,0.11,4.87,0.21,29.2,4,11,0.59,11.6,0.83,1.65,0.08,0.04,0.013,0.13,13.6,5.6,1.4,277,0.39,0.33,12.4,710,7.1,11.7,0.07,0.3,1.4,2.6,0.3,57.5,0.03,1.6,0.13,1.74,25,9.16,78,3.2
37,123,Forest,Grid,0.06,0.76,4.1,20,150,0.53,0.2,0.76,0.41,31.1,7.6,14,0.6,10.6,1.17,2.41,0.11,0.04,0.02,0.22,15.5,7.2,0.29,819,0.45,0.56,16.2,600,12,15,0.03,0.23,1.7,0.7,0.4,23.3,0.04,1.8,0.13,0.85,43,8.79,102,4.2
38,124,Forest,Grid,0.07,0.76,5.8,20,150,0.5,0.2,0.77,0.43,33.7,7.6,15,0.57,10.6,1.31,2.43,0.12,0.06,0.022,0.21,16.3,7.2,0.3,949,0.76,0.39,18.6,700,12.2,15.5,0.04,0.29,1.7,0.7,0.4,21.2,0.04,1.9,0.17,1.03,41,9.46,95,4.3
39,125,Forest,Grid,0.06,0.58,7.3,10,300,0.41,0.13,4.81,0.32,38.8,8.8,14,0.78,11,1.36,2.01,0.1,0.03,0.019,0.15,18.7,7,1.61,1250,1.07,0.29,22,620,8.9,12.7,0.09,0.34,2,0.7,0.4,58.9,0.04,5,0.19,1.32,34,10.8,52,5.1
40,126,Forest,Grid,0.08,0.58,6.6,20,170,0.38,0.15,3.54,0.44,34.4,8,12,0.69,12.3,1.21,1.97,0.09,0.04,0.018,0.16,17.1,6.9,1.31,953,1.05,0.37,21.1,570,9,14,0.08,0.37,1.8,0.7,0.3,44.1,0.04,2.9,0.19,1.19,32,10.25,63,3.7
41,127,Forest,Grid,0.08,0.78,4,20,150,0.51,0.21,0.91,0.37,30.7,6.7,14,0.56,13.7,1.2,2.39,0.12,0.06,0.02,0.23,14.4,7.4,0.31,748,0.59,0.37,15,670,12,14.8,0.04,0.24,1.7,0.8,0.4,26.3,0.03,1.7,0.15,0.74,41,8.28,84,4.1
42,128,Forest,Grid,0.08,0.83,3.4,20,200,0.48,0.19,0.89,0.56,27.2,6.8,15,0.4,14,1.29,2.49,0.09,0.06,0.02,0.21,12.4,5.7,0.29,1510,1.05,0.37,14.1,850,12,14.5,0.05,0.18,1.7,0.9,0.4,20.7,0.03,1.5,0.11,0.75,38,5.75,203,3
43,129,Forest,Grid,0.08,0.68,5.7,10,140,0.43,0.19,0.87,0.54,35.1,8,14,0.51,12.3,1.37,2.27,0.08,0.06,0.016,0.19,17.5,6.5,0.33,961,0.82,0.44,19,810,11.5,13.6,0.04,0.31,1.8,0.9,0.4,21.9,0.04,2.1,0.2,1.08,36,9.8,89,3.3
44,130,Forest,Grid,0.07,0.63,5.5,10,140,0.51,0.18,0.66,0.71,37.4,8,14,0.58,11.8,1.33,2.24,0.12,0.04,0.019,0.17,17.7,6.9,0.25,1020,0.77,0.4,21.8,710,10.5,16.3,0.04,0.25,1.7,0.7,0.4,19,0.03,2.3,0.18,1,33,10.25,90,3.5
45,131,Forest,Grid,0.09,0.64,5,20,150,0.52,0.21,0.96,1.76,35,7.3,13,0.48,16.2,1.24,2.2,0.16,0.07,0.023,0.18,16.8,6.9,0.26,1080,0.67,0.38,21.5,900,11.3,16.5,0.06,0.27,1.5,1.1,0.4,24.8,0.03,1.6,0.15,1.11,30,10.7,211,4.7
46,132,Forest,Grid,0.08,0.59,3.9,20,180,0.49,0.22,1.87,0.78,31.6,6.4,11,0.36,19.9,1.04,1.94,0.13,0.08,0.02,0.18,14.6,5.6,0.39,1220,0.71,0.34,19.9,990,13.1,12.1,0.09,0.25,1.1,1.3,0.4,35.2,0.02,1.2,0.11,0.91,26,9.61,179,3.9
47,133,Forest,Grid,0.04,0.44,8.1,10,390,0.39,0.11,5.46,0.32,46.8,9.3,15,0.68,10.1,1.46,1.86,0.14,0.03,0.014,0.1,21.8,6.4,1.77,1390,1.12,0.17,23.7,740,8.3,9.9,0.09,0.28,1.9,0.5,0.3,64.2,0.03,7.3,0.15,1.46,30,11.4,42,7.2
48,134,Forest,Grid,0.06,0.69,3.4,20,160,0.47,0.23,0.98,0.4,23.6,4.5,12,0.54,10.6,1.02,2.15,0.15,0.08,0.023,0.22,10.9,6.8,0.26,574,0.42,0.35,11,690,12.4,16,0.06,0.21,1.5,0.9,0.4,31.4,0.03,1.6,0.12,0.64,35,4.98,148,4.6
49,135,Forest,Grid,0.06,0.52,6.4,10,170,0.38,0.14,4.07,0.34,34.6,6.6,11,0.69,12.2,1.12,1.91,0.09,0.04,0.016,0.15,15.7,7,1.64,896,0.9,0.36,19.1,700,8.4,11.5,0.08,0.29,1.7,0.6,0.3,40.8,0.03,2.9,0.18,1.16,27,9.45,60,3.5
50,136,Forest,Grid,0.06,0.69,3.1,20,170,0.42,0.16,1.23,0.49,21.4,4.3,17,0.43,21.2,0.96,2.13,0.16,0.05,0.015,0.23,10.3,5.2,0.29,956,0.59,0.36,14.2,930,68,13.6,0.07,0.65,1.3,0.6,0.9,26.3,0.03,1.3,0.11,0.66,32,4.71,158,4.6
51,137,Forest,Grid,0.05,0.65,4.5,10,140,0.46,0.19,0.84,0.5,31.7,6.6,13,0.42,12.3,1.28,2.31,0.13,0.05,0.021,0.16,15.2,6.4,0.26,771,0.65,0.44,15.7,880,12.1,12.4,0.05,0.23,1.6,0.6,0.4,21.3,0.02,1.5,0.16,0.88,31,8.79,100,3.9
52,138,Forest,Grid,0.09,0.69,4.6,10,140,0.52,0.18,0.77,0.59,29.9,6,14,0.46,13.7,1.24,2.36,0.13,0.06,0.019,0.18,15.6,6.4,0.25,747,0.65,0.41,20.8,790,9.8,13.3,0.05,0.22,1.5,0.6,0.4,20.4,0.03,1.5,0.13,0.91,34,9.01,136,4
53,139,Forest,Grid,0.09,0.59,4.6,20,170,0.45,0.18,1.08,0.74,32.7,7.1,12,0.43,13.5,1.18,2.1,0.15,0.07,0.02,0.18,14.9,6.1,0.27,1150,0.62,0.37,18.4,940,10.6,12.2,0.06,0.23,1.3,0.9,0.4,22.9,0.03,1.3,0.13,0.95,29,8.95,144,4.2
54,140,Forest,Grid,0.07,0.59,7,10,160,0.43,0.16,4.04,0.45,33.1,8.1,12,0.73,13,1.24,2.09,0.09,0.05,0.019,0.17,15.5,7.7,1.43,1030,1.01,0.33,21.3,550,9.3,13.2,0.09,0.31,1.8,0.9,0.4,48.1,0.03,3,0.2,1.22,30,9.7,67,4
55,141,Forest,Grid,0.06,0.54,6.4,10,150,0.42,0.13,3.97,0.39,33.9,8.3,11,0.67,10.7,1.12,1.91,0.09,0.03,0.015,0.17,15.4,7,1.45,1090,0.82,0.31,22.5,520,8.3,12.2,0.07,0.29,1.7,0.8,0.3,43.8,0.04,2.9,0.18,1.12,29,9.48,52,3.8
56,142,Forest,Grid,0.07,0.6,6.8,10,140,0.48,0.18,2.65,0.45,44.6,8.4,14,0.74,12.2,1.31,2.33,0.09,0.04,0.019,0.16,20.8,7.6,1.25,1150,0.85,0.37,28,750,9.6,13.3,0.06,0.32,1.9,0.8,0.4,33.6,0.04,3.5,0.23,1.43,33,11.45,53,3.5
57,143,Forest,Grid,0.06,0.83,2.8,20,170,0.54,0.17,0.86,0.24,25.2,5.1,13,0.49,12.3,0.98,2.58,0.17,0.06,0.019,0.24,11.5,5.4,0.25,1260,0.6,0.37,15.3,680,10.2,15.6,0.06,0.12,1.5,0.8,0.4,33,0.02,1.4,0.09,1.38,39,4.92,80,5.1
58,144,Forest,Grid,0.09,0.87,3,10,240,0.55,0.18,0.82,0.32,22.9,4.7,15,0.55,13.8,1.06,2.77,0.15,0.06,0.022,0.24,11.5,5.6,0.24,1390,0.6,0.36,16.9,790,10,15.9,0.05,0.13,1.5,0.8,0.4,29.2,0.03,1.2,0.1,0.63,38,4.7,111,4.2
59,145,Forest,Grid,0.08,0.89,3.1,20,300,0.67,0.17,0.74,0.54,25.4,5.5,14,0.54,14.4,1.08,2.66,0.16,0.05,0.018,0.23,13,5.5,0.24,2050,0.58,0.33,23.3,670,8.7,16.1,0.05,0.12,1.6,0.9,0.4,26,0.02,1.4,0.1,0.63,41,6.84,172,4.3
60,146,Forest,Grid,0.07,0.68,3.8,10,160,0.46,0.17,0.63,0.5,30.2,5.5,13,0.52,12.3,1.17,2.26,0.12,0.04,0.018,0.17,14,5.5,0.22,771,0.64,0.42,15.4,650,9.4,14.1,0.04,0.15,1.6,0.4,0.4,16.8,0.03,1.9,0.13,0.76,31,7.02,126,3.6
61,147,Forest,Grid,0.07,0.77,3.4,10,130,0.46,0.19,0.47,0.31,29.2,5.1,16,0.68,11.8,1.25,2.62,0.07,0.04,0.017,0.2,13.7,6.4,0.24,572,0.6,0.45,12.5,600,8.5,18.1,0.03,0.14,1.8,0.6,0.4,15.3,0.03,2,0.17,0.75,36,4.37,107,2.3
62,148,Forest,Grid,0.07,0.64,5.7,10,140,0.49,0.2,0.85,0.58,36.5,8.1,14,0.55,13.2,1.3,2.31,0.14,0.06,0.022,0.19,17.2,7,0.28,947,0.74,0.42,21.8,820,11.7,15.4,0.05,0.28,1.7,0.8,0.4,22,0.04,1.8,0.18,1.06,34,10.75,96,4.3
63,149,Forest,Grid,0.08,0.62,6.5,20,130,0.49,0.18,2.86,0.44,32.7,7.4,13,0.71,16.6,1.21,2.25,0.08,0.05,0.02,0.17,15.6,8.2,1.06,1060,0.93,0.37,22.5,710,9.4,14.6,0.11,0.35,1.8,0.9,0.4,39.4,0.03,2.1,0.23,1.24,31,10.1,73,3.3
64,150,Forest,Fine scale,0.06,0.47,5.7,20,140,0.38,0.13,3.35,0.62,30.7,7.2,10,0.53,13.4,1.03,1.77,0.11,0.05,0.016,0.18,14.4,6.2,1.13,852,0.88,0.38,20.4,770,9,14.4,0.09,0.34,1.4,0.8,0.3,38.4,0.03,1.7,0.17,1.01,28,9.33,86,3.8
65,151,Forest,Fine scale,0.05,0.47,4.6,30,120,0.36,0.13,3.25,0.65,26.7,6.1,10,0.43,13.9,0.94,1.65,0.11,0.05,0.015,0.2,12.5,5.7,1,759,0.96,0.36,18,920,9.2,13.5,0.12,0.3,1.1,0.9,0.3,37,0.02,1.3,0.16,0.9,27,8.11,111,4.6
66,152,Forest,Fine scale,0.05,0.45,4.4,20,110,0.34,0.13,3.28,0.54,26.2,5.7,10,0.44,13.7,0.93,1.6,0.1,0.05,0.015,0.21,12.7,5.6,1.04,670,0.97,0.35,17.2,960,8.6,12.6,0.11,0.29,1.1,0.9,0.3,36.4,0.03,1.2,0.16,0.92,26,8.02,90,3.3
67,153,Forest,Fine scale,0.05,0.49,5.1,20,130,0.38,0.13,3.33,0.45,29.4,6.6,11,0.53,13.4,1.01,1.74,0.11,0.05,0.014,0.16,14.3,6,1.19,768,0.78,0.35,19.6,790,9.2,12,0.09,0.32,1.3,0.8,0.3,34.6,0.02,1.5,0.17,0.98,28,9.01,80,3.7
68,154,Forest,Fine scale,0.06,0.49,5.5,20,130,0.37,0.13,3.71,0.45,32.9,7,11,0.51,11.7,1.08,1.82,0.09,0.04,0.014,0.15,15.2,5.9,1.39,855,0.85,0.39,20,780,9.6,11.4,0.08,0.32,1.5,0.7,0.3,38,0.03,2,0.18,1.23,27,9.55,77,3.4
69,155,Forest,Fine scale,0.05,0.56,4.6,20,150,0.41,0.14,4.46,0.38,26.1,6,11,0.6,13,1,1.87,0.1,0.05,0.019,0.18,12.9,6.7,1.5,723,0.71,0.32,18.4,700,9.3,13.3,0.08,0.29,1.3,0.7,0.3,40.1,0.02,1.4,0.18,0.84,32,8.56,71,3.8
70,156,Forest,Fine scale,0.06,0.53,5.9,20,130,0.39,0.14,3.59,0.42,31.2,6.9,12,0.58,13.9,1.07,1.86,0.1,0.04,0.016,0.16,14.7,6.4,1.27,805,0.85,0.34,20.3,740,9.2,13,0.08,0.34,1.4,0.8,0.3,37.2,0.03,1.9,0.19,1.05,30,9.74,62,3.4
71,157,Forest,Fine scale,0.07,0.6,6.1,20,130,0.46,0.15,3.23,0.42,33.5,7.3,12,0.62,13.4,1.16,2.16,0.11,0.05,0.019,0.18,15.4,7.1,1.32,870,0.84,0.38,21.4,680,9.5,14.5,0.08,0.31,1.6,0.9,0.4,35.7,0.03,1.9,0.19,1.1,31,9.96,66,3.9
72,158,Forest,Fine scale,0.05,0.44,5.9,20,120,0.34,0.12,3.67,0.35,30.5,6.4,11,0.54,10.8,1.05,1.54,0.09,0.09,0.015,0.14,14.1,5.6,1.48,798,0.79,0.34,18.3,710,8.1,11.4,0.09,0.26,1.3,0.7,0.3,34,0.03,2,0.16,1.03,26,8.91,43,3.2
73,159,Forest,Fine scale,0.06,0.46,6.2,10,150,0.35,0.13,3.62,0.41,34.3,6.7,11,0.58,10.7,1.12,1.71,0.1,0.05,0.015,0.13,15.5,5.8,1.42,879,0.81,0.38,19.3,620,8.3,11.8,0.09,0.32,1.5,0.7,0.3,35.9,0.03,2.9,0.17,1.18,27,9.56,50,3.9
74,160,Forest,Fine scale,0.07,0.53,6.7,20,140,0.39,0.15,3.42,0.44,36.2,7.4,12,0.61,11.9,1.23,1.96,0.09,0.04,0.018,0.15,17.3,6.7,1.49,985,0.93,0.39,22,670,9.1,13.8,0.09,0.31,1.7,0.7,0.3,34.8,0.04,2.8,0.19,1.21,30,10.3,52,3.5
75,161,Forest,Fine scale,0.06,0.54,6.9,10,170,0.42,0.14,4.06,0.4,37.1,7.3,12,0.73,12.4,1.19,1.96,0.09,0.04,0.018,0.15,17,6.8,1.52,999,0.92,0.35,22.1,580,8.5,12.9,0.08,0.33,1.8,0.9,0.3,43.4,0.03,3.3,0.19,1.27,30,10.25,51,4.3
76,162,Forest,Fine scale,0.05,0.51,6.7,10,150,0.4,0.13,3.86,0.33,36.3,7.6,12,0.67,10.8,1.16,1.89,0.09,0.04,0.018,0.14,16.4,6.4,1.57,901,0.85,0.3,21.1,580,8.5,11.2,0.07,0.28,1.7,0.6,0.3,36.7,0.02,3.9,0.16,1.13,30,9.98,46,4.1
77,163,Forest,Fine scale,0.07,0.59,7.5,10,180,0.45,0.16,4.25,0.39,35.5,8.5,13,0.74,13.2,1.27,2.14,0.1,0.03,0.018,0.15,15.8,7.6,1.5,1060,1.15,0.35,22.9,560,9.6,13,0.11,0.33,1.9,0.8,0.4,52.3,0.04,3.2,0.19,1.2,31,9.73,60,4.1
78,164,Forest,Fine scale,0.06,0.58,6.8,10,140,0.44,0.15,4.19,0.29,34,7.2,12,0.78,10.2,1.18,2.03,0.12,0.02,0.017,0.16,15.9,7.5,1.52,1020,0.99,0.26,21.1,480,8.5,13.1,0.07,0.29,1.9,0.6,0.3,46.2,0.04,3.8,0.18,1.12,31,9.68,48,5.6
79,165,Forest,Fine scale,0.06,0.57,6.7,10,140,0.42,0.14,4.14,0.35,33.7,7.1,12,0.7,10.8,1.18,2.02,0.1,0.03,0.016,0.18,16,7.2,1.52,1020,0.97,0.35,21.3,560,8.3,13.3,0.07,0.3,1.8,0.8,0.3,43.2,0.03,3.1,0.19,1.14,31,9.85,51,4
80,166,Forest,Fine scale,0.07,0.54,6.5,10,130,0.37,0.14,4.19,0.32,33,6.5,11,0.66,10.1,1.17,1.7,0.08,0.04,0.017,0.15,15.3,6.5,1.64,965,1.02,0.29,19.1,540,8.6,11.9,0.06,0.38,1.7,0.6,0.3,41.1,0.04,3.4,0.16,1.09,28,9.04,50,4
81,167,Forest,Fine scale,0.07,0.56,6.2,10,130,0.39,0.13,4.23,0.38,33.6,6.4,12,0.66,10,1.17,1.82,0.08,0.03,0.017,0.16,16.1,6.7,1.61,913,0.83,0.34,18.6,580,7.8,13.2,0.07,0.34,1.7,0.8,0.3,43.7,0.03,3,0.17,1.12,29,9.47,57,3.5
82,168,Forest,Fine scale,0.07,0.58,6.5,10,130,0.39,0.16,4,0.4,33.3,6.9,12,0.75,9.3,1.19,1.83,0.08,0.04,0.018,0.16,16.2,6.8,1.51,986,0.82,0.31,20,530,8.2,13.6,0.06,0.33,1.8,0.8,0.3,41.4,0.05,3.3,0.17,1.09,30,9.42,58,4.4
83,169,Forest,Fine scale,0.07,0.56,6.4,10,130,0.37,0.16,4.2,0.34,32.1,6.7,11,0.7,8.9,1.15,1.82,0.08,0.03,0.018,0.15,15.3,6.6,1.58,984,0.78,0.3,19.3,540,7.9,12.6,0.05,0.3,1.8,0.7,0.3,42.7,0.05,3.2,0.17,1.07,29,9.31,51,4.2
84,170,Forest,Fine scale,0.06,0.57,6.5,10,120,0.41,0.15,3.8,0.58,31.4,6.5,11,0.68,8.8,1.14,1.78,0.07,0.04,0.016,0.16,15.3,6.9,1.47,995,0.72,0.3,19.2,520,8,12.9,0.06,0.3,1.7,0.6,0.3,41.5,0.04,2.8,0.18,1.05,29,8.94,62,3.8
85,171,Forest,Likely to erode,0.05,0.42,6,10,210,0.29,0.1,5.08,0.28,38.6,6.3,11,0.57,8.2,1.13,1.55,0.06,0.03,0.013,0.12,18.2,5.4,1.83,952,0.86,0.35,16.1,730,7.2,8.9,0.09,0.28,1.6,0.6,0.3,54.3,0.03,4,0.14,1.27,24,9.66,48,3
86,172,Forest,Likely to erode,0.05,0.46,6.3,10,180,0.33,0.12,5.11,0.27,34.8,6.7,11,0.65,8.3,1.14,1.61,0.1,0.03,0.013,0.11,16.5,6,1.78,937,0.92,0.31,17.5,600,7.3,10.5,0.08,0.31,1.7,0.5,0.3,55.6,0.04,3.9,0.16,1.28,25,9.74,41,4.7
87,173,Forest,Likely to erode,0.05,0.45,6.5,10,230,0.35,0.11,5.01,0.25,33.8,7.1,11,0.63,7.6,1.16,1.55,0.15,0.02,0.015,0.1,15.8,5.5,1.78,1180,0.96,0.17,18.1,580,7.6,9.4,0.07,0.3,1.7,0.5,0.3,56.1,0.04,4.7,0.13,1.19,26,9.29,40,6.8
88,174,Forest,Likely to erode,0.07,0.55,7.1,10,210,0.39,0.15,4.6,0.33,34.1,7.8,11,0.79,10.2,1.21,1.83,0.13,0.04,0.018,0.13,15.9,7,1.6,1280,1.08,0.23,21.5,540,8.9,12.3,0.08,0.34,1.9,0.6,0.3,60.7,0.04,3.9,0.17,1.26,29,9.97,52,6.9
89,175,Forest,Likely to erode,0.06,0.54,7.3,10,210,0.4,0.14,4.58,0.29,32.9,7.6,11,0.75,9.1,1.2,1.79,0.13,0.02,0.015,0.13,15.4,6.9,1.6,1240,1.05,0.23,19.7,520,8.6,11.9,0.08,0.33,1.9,0.6,0.3,59.3,0.04,4,0.17,1.28,28,9.39,50,6.5
90,176,Forest,Likely to erode,0.06,0.56,7.2,10,200,0.43,0.14,4.49,0.32,34.6,8,11,0.78,10.2,1.21,1.86,0.13,0.03,0.016,0.13,15.7,7.1,1.58,1260,1.07,0.22,21.4,530,8.8,12.2,0.08,0.33,1.9,0.6,0.3,59,0.04,4,0.17,1.24,29,9.84,51,6.7
91,177,Forest,Likely to erode,0.04,0.42,6.2,10,230,0.29,0.1,5.28,0.24,33.1,6.2,10,0.58,7,1.08,1.48,0.12,0.02,0.013,0.1,15.5,5.6,1.97,1090,0.9,0.24,16.6,600,6.7,8.2,0.09,0.3,1.6,0.4,0.2,57.3,0.03,3.9,0.14,1.16,23,9.19,39,5.9
92,178,Forest,Likely to erode,0.05,0.43,6.3,10,230,0.31,0.11,5.23,0.29,40.1,6.5,12,0.58,7.8,1.23,1.59,0.08,0.02,0.015,0.11,18.6,5.6,1.77,986,0.97,0.37,17.5,690,7,8.5,0.09,0.31,1.6,0.8,0.3,57.3,0.03,4.8,0.15,1.41,26,9.87,44,3.9
93,1,Agriculture,Grid,0.11,1.26,8.5,30,150,0.87,0.24,3.83,0.53,38.5,8.1,22,0.8,22.2,1.92,3.88,0.14,0.05,0.033,0.22,18.6,15.3,0.88,936,0.96,0.54,28,670,11.5,19.6,0.21,0.44,3,1.4,0.6,88,0.06,2.8,0.18,1.72,64,11.55,87,5.6
94,1,Agriculture,Transect,0.11,1.26,8.5,30,150,0.87,0.24,3.83,0.53,38.5,8.1,22,0.8,22.2,1.92,3.88,0.14,0.05,0.033,0.22,18.6,15.3,0.88,936,0.96,0.54,28,670,11.5,19.6,0.21,0.44,3,1.4,0.6,88,0.06,2.8,0.18,1.72,64,11.55,87,5.6
95,2,Agriculture,Fine scale,0.11,1.33,10.1,30,190,0.9,0.23,4.71,0.54,37.6,9.7,23,0.7,23.1,2.02,4.14,0.13,0.03,0.033,0.21,18.5,15.5,0.85,1330,1.27,0.55,30.3,750,11.8,17.7,0.27,0.44,3,1.6,0.7,105.5,0.06,2.4,0.16,1.78,70,11.6,95,5.1
96,2,Agriculture,Grid,0.11,1.33,10.1,30,190,0.9,0.23,4.71,0.54,37.6,9.7,23,0.7,23.1,2.02,4.14,0.13,0.03,0.033,0.21,18.5,15.5,0.85,1330,1.27,0.55,30.3,750,11.8,17.7,0.27,0.44,3,1.6,0.7,105.5,0.06,2.4,0.16,1.78,70,11.6,95,5.1
97,2,Agriculture,Transect,0.11,1.33,10.1,30,190,0.9,0.23,4.71,0.54,37.6,9.7,23,0.7,23.1,2.02,4.14,0.13,0.03,0.033,0.21,18.5,15.5,0.85,1330,1.27,0.55,30.3,750,11.8,17.7,0.27,0.44,3,1.6,0.7,105.5,0.06,2.4,0.16,1.78,70,11.6,95,5.1
98,3,Agriculture,Grid,0.08,1.17,13.5,30,190,0.81,0.24,6.6,0.56,34.6,10.6,21,0.6,22.5,2.11,3.72,0.1,0.04,0.029,0.17,16.8,14.9,0.81,1600,1.8,0.57,29.9,710,10.6,13.9,0.24,0.49,2.6,2.1,0.6,137,0.05,1.9,0.14,1.73,62,10.3,86,3.9
99,3,Agriculture,Transect,0.08,1.17,13.5,30,190,0.81,0.24,6.6,0.56,34.6,10.6,21,0.6,22.5,2.11,3.72,0.1,0.04,0.029,0.17,16.8,14.9,0.81,1600,1.8,0.57,29.9,710,10.6,13.9,0.24,0.49,2.6,2.1,0.6,137,0.05,1.9,0.14,1.73,62,10.3,86,3.9
100,4,Agriculture,Grid,0.08,0.97,14.1,30,160,0.75,0.2,8.48,0.58,32.3,9.7,17,0.51,21,2.01,3.14,0.09,0.03,0.023,0.14,15.5,13,0.76,1800,2.35,0.46,33.6,640,9.9,10.2,0.16,0.56,2.3,2.1,0.5,154,0.05,1.8,0.11,1.6,55,9.75,75,3.5
101,4,Agriculture,Transect,0.08,0.97,14.1,30,160,0.75,0.2,8.48,0.58,32.3,9.7,17,0.51,21,2.01,3.14,0.09,0.03,0.023,0.14,15.5,13,0.76,1800,2.35,0.46,33.6,640,9.9,10.2,0.16,0.56,2.3,2.1,0.5,154,0.05,1.8,0.11,1.6,55,9.75,75,3.5
102,5,Agriculture,Grid,0.09,1.13,14.2,30,170,0.89,0.22,5.97,0.65,34.9,10.5,22,0.47,23.8,1.94,3.63,0.12,0.04,0.03,0.15,16.6,14.2,0.75,1160,1.54,0.52,33.2,710,11.2,11.3,0.17,0.47,2.5,2.5,0.6,120.5,0.05,1.9,0.11,1.39,62,10.15,87,4.7
103,5,Agriculture,Transect,0.09,1.13,14.2,30,170,0.89,0.22,5.97,0.65,34.9,10.5,22,0.47,23.8,1.94,3.63,0.12,0.04,0.03,0.15,16.6,14.2,0.75,1160,1.54,0.52,33.2,710,11.2,11.3,0.17,0.47,2.5,2.5,0.6,120.5,0.05,1.9,0.11,1.39,62,10.15,87,4.7
104,6,Agriculture,Grid,0.11,1.21,8.4,30,140,0.86,0.24,3.93,0.54,40.6,8.4,22,0.84,22.9,1.87,3.93,0.12,0.05,0.03,0.21,19.3,14.8,0.9,503,0.89,0.53,29.3,610,11.3,17.8,0.12,0.42,3.1,1.1,0.6,77.6,0.04,2.9,0.18,1.29,63,11.95,86,5.4
105,6,Agriculture,Transect,0.11,1.21,8.4,30,140,0.86,0.24,3.93,0.54,40.6,8.4,22,0.84,22.9,1.87,3.93,0.12,0.05,0.03,0.21,19.3,14.8,0.9,503,0.89,0.53,29.3,610,11.3,17.8,0.12,0.42,3.1,1.1,0.6,77.6,0.04,2.9,0.18,1.29,63,11.95,86,5.4
106,7,Agriculture,Grid,0.11,1.14,7.2,30,140,0.85,0.24,2.64,0.54,37.2,7.5,21,0.73,23.4,1.71,3.58,0.15,0.03,0.031,0.21,17.7,12.8,0.87,646,0.67,0.51,25.5,660,11.3,18.1,0.22,0.42,2.7,1.3,0.6,53.4,0.04,2.6,0.18,1.35,60,11.25,86,5.6
107,7,Agriculture,Transect,0.11,1.14,7.2,30,140,0.85,0.24,2.64,0.54,37.2,7.5,21,0.73,23.4,1.71,3.58,0.15,0.03,0.031,0.21,17.7,12.8,0.87,646,0.67,0.51,25.5,660,11.3,18.1,0.22,0.42,2.7,1.3,0.6,53.4,0.04,2.6,0.18,1.35,60,11.25,86,5.6
108,8,Agriculture,Grid,0.1,1.33,8.8,30,150,0.95,0.24,3.37,0.49,38.9,8.2,24,0.86,22.7,1.93,4.24,0.14,0.04,0.029,0.2,19,15.6,0.79,797,1,0.54,28.8,630,11.8,18.9,0.26,0.47,3.3,1.1,0.7,91.1,0.06,3.2,0.17,1.74,69,11.75,86,6.3
109,8,Agriculture,Transect,0.1,1.33,8.8,30,150,0.95,0.24,3.37,0.49,38.9,8.2,24,0.86,22.7,1.93,4.24,0.14,0.04,0.029,0.2,19,15.6,0.79,797,1,0.54,28.8,630,11.8,18.9,0.26,0.47,3.3,1.1,0.7,91.1,0.06,3.2,0.17,1.74,69,11.75,86,6.3
110,9,Agriculture,Grid,0.1,1.35,9.8,30,190,0.94,0.24,5.04,0.56,37.8,9.7,25,0.75,22.9,1.99,4.25,0.15,0.04,0.035,0.17,18.6,16.4,0.85,1410,1.65,0.52,30.3,660,11.4,15.8,0.24,0.48,3.3,1.5,0.7,121.5,0.04,2.9,0.16,1.53,70,11.5,89,5.8
111,9,Agriculture,Transect,0.1,1.35,9.8,30,190,0.94,0.24,5.04,0.56,37.8,9.7,25,0.75,22.9,1.99,4.25,0.15,0.04,0.035,0.17,18.6,16.4,0.85,1410,1.65,0.52,30.3,660,11.4,15.8,0.24,0.48,3.3,1.5,0.7,121.5,0.04,2.9,0.16,1.53,70,11.5,89,5.8
112,10,Agriculture,Grid,0.1,1.23,12.5,30,170,0.93,0.23,6.73,0.51,36.5,9.8,22,0.77,20.1,1.98,3.92,0.09,0.04,0.03,0.16,17.6,14.9,0.86,1170,1.13,0.51,29.2,610,10.8,12.9,0.17,0.49,3,1.4,0.6,131.5,0.05,2.8,0.13,1.52,66,10.7,80,4.4
113,10,Agriculture,Transect,0.1,1.23,12.5,30,170,0.93,0.23,6.73,0.51,36.5,9.8,22,0.77,20.1,1.98,3.92,0.09,0.04,0.03,0.16,17.6,14.9,0.86,1170,1.13,0.51,29.2,610,10.8,12.9,0.17,0.49,3,1.4,0.6,131.5,0.05,2.8,0.13,1.52,66,10.7,80,4.4
114,11,Agriculture,Grid,0.09,1.18,11.5,30,150,0.9,0.22,6.61,0.55,35.5,9.3,22,0.76,21.9,1.96,3.77,0.08,0.05,0.029,0.18,17.3,14.5,0.76,1040,1.24,0.54,33,670,10.6,14.4,0.17,0.52,2.9,1.6,0.6,127,0.05,2.2,0.16,1.59,64,10.5,82,3.7
115,11,Agriculture,Transect,0.09,1.18,11.5,30,150,0.9,0.22,6.61,0.55,35.5,9.3,22,0.76,21.9,1.96,3.77,0.08,0.05,0.029,0.18,17.3,14.5,0.76,1040,1.24,0.54,33,670,10.6,14.4,0.17,0.52,2.9,1.6,0.6,127,0.05,2.2,0.16,1.59,64,10.5,82,3.7
116,12,Agriculture,Grid,0.1,1.23,14,30,170,0.89,0.23,5.64,0.66,36.4,9.9,21,0.61,24.5,2.03,3.89,0.13,0.04,0.028,0.18,17.8,14.7,0.75,940,1.38,0.56,32.3,710,11.4,13.4,0.12,0.48,2.8,2.4,0.6,110.5,0.05,2.1,0.14,1.44,66,11,89,4.9
117,12,Agriculture,Transect,0.1,1.23,14,30,170,0.89,0.23,5.64,0.66,36.4,9.9,21,0.61,24.5,2.03,3.89,0.13,0.04,0.028,0.18,17.8,14.7,0.75,940,1.38,0.56,32.3,710,11.4,13.4,0.12,0.48,2.8,2.4,0.6,110.5,0.05,2.1,0.14,1.44,66,11,89,4.9
118,13,Agriculture,Grid,0.1,1.39,8.9,30,150,0.98,0.25,3.17,0.64,40.6,8,25,0.77,25.2,1.98,4.35,0.16,0.03,0.034,0.22,19.7,15.3,0.78,468,0.6,0.59,30,680,12.2,17.5,0.07,0.42,3.3,1.8,0.7,71.6,0.04,3,0.16,1.46,73,12,96,6.8
119,13,Agriculture,Transect,0.1,1.39,8.9,30,150,0.98,0.25,3.17,0.64,40.6,8,25,0.77,25.2,1.98,4.35,0.16,0.03,0.034,0.22,19.7,15.3,0.78,468,0.6,0.59,30,680,12.2,17.5,0.07,0.42,3.3,1.8,0.7,71.6,0.04,3,0.16,1.46,73,12,96,6.8
120,14,Agriculture,Grid,0.12,1.38,7.8,30,140,0.96,0.27,1.59,0.6,39.4,8,25,0.85,27,1.96,4.33,0.18,0.04,0.031,0.26,20,14.2,0.73,594,0.65,0.59,28.3,760,12.5,21.2,0.06,0.45,3.3,1.3,0.7,46.1,0.05,3,0.18,1.4,72,12.35,100,7.1
121,14,Agriculture,Transect,0.12,1.38,7.8,30,140,0.96,0.27,1.59,0.6,39.4,8,25,0.85,27,1.96,4.33,0.18,0.04,0.031,0.26,20,14.2,0.73,594,0.65,0.59,28.3,760,12.5,21.2,0.06,0.45,3.3,1.3,0.7,46.1,0.05,3,0.18,1.4,72,12.35,100,7.1
122,15,Agriculture,Grid,0.1,1.43,8.6,30,160,1.05,0.31,3.67,0.56,40.2,8.6,25,0.78,24.1,1.98,4.58,0.16,0.03,0.035,0.21,19.8,16.8,0.77,860,0.99,0.61,31.2,710,11.6,18.6,0.27,0.46,3.4,1.5,0.7,104.5,0.05,2.8,0.16,1.68,74,12,97,6.7
123,16,Agriculture,Grid,0.1,1.41,8.5,30,160,1.02,0.24,4.22,0.61,39.2,8.8,25,0.72,24.7,1.96,4.45,0.14,0.04,0.036,0.18,19.2,16.1,0.81,882,0.97,0.56,30.7,690,11.7,16.4,0.14,0.46,3.3,1.4,0.7,102,0.04,2.7,0.15,1.56,74,11.65,96,5.8
124,17,Agriculture,Fine scale,0.09,1.21,10.9,40,190,0.96,0.23,6.08,0.63,35.2,9.6,21,0.5,25.2,1.92,3.85,0.12,0.03,0.029,0.18,17.5,14.9,0.74,1190,0.95,0.56,32.5,800,11.1,12.4,0.15,0.5,2.6,2.4,0.6,129,0.05,1.8,0.12,1.59,65,10.75,92,4.8
125,17,Agriculture,Grid,0.09,1.21,10.9,40,190,0.96,0.23,6.08,0.63,35.2,9.6,21,0.5,25.2,1.92,3.85,0.12,0.03,0.029,0.18,17.5,14.9,0.74,1190,0.95,0.56,32.5,800,11.1,12.4,0.15,0.5,2.6,2.4,0.6,129,0.05,1.8,0.12,1.59,65,10.75,92,4.8
126,18,Agriculture,Grid,0.1,1.21,11.8,30,170,0.88,0.22,6.33,0.66,36.1,9.7,21,0.57,25.9,1.91,3.87,0.12,0.04,0.031,0.17,17.5,14.9,0.78,855,1.13,0.58,35.7,770,11.1,12.3,0.24,0.5,2.8,2.2,0.6,129.5,0.04,2.1,0.13,1.64,66,10.7,90,4.6
127,19,Agriculture,Grid,0.11,1.25,10,30,150,0.92,0.24,4.32,0.72,37.3,8.3,22,0.61,24.4,1.9,3.91,0.16,0.04,0.034,0.22,18.1,14.1,0.75,591,0.76,0.6,30,770,11.5,15.7,0.09,0.42,2.8,2.1,0.6,88.9,0.05,2.2,0.14,1.43,66,11.15,98,5.8
128,20,Agriculture,Grid,0.12,1.3,10.5,30,140,0.91,0.26,2.86,0.7,41,8.2,24,0.85,25.2,1.99,4.19,0.18,0.04,0.032,0.23,20,13.7,0.79,524,0.54,0.6,27.9,630,12.6,20.3,0.05,0.45,3.3,1.2,0.7,62.1,0.06,3.1,0.2,1.2,69,12.15,92,7.1
129,21,Agriculture,Grid,0.13,1.34,8.1,30,130,0.91,0.27,1.08,0.62,40.3,8.3,25,0.93,25.5,1.95,4.23,0.19,0.03,0.034,0.28,20.1,13.3,0.59,657,0.67,0.61,27.8,650,12.5,24.9,0.05,0.44,3.3,0.8,0.7,40.1,0.05,3,0.23,1.32,69,12.6,102,7.3
130,22,Agriculture,Grid,0.22,1.42,11.8,40,180,0.97,0.38,3.81,0.61,38,9.6,25,0.77,27.3,1.98,4.43,0.16,0.04,0.035,0.21,18.3,16.1,0.8,1080,1.28,0.58,32.6,750,12.3,19,0.25,0.46,3.2,1.4,0.8,105.5,0.05,2.5,0.18,1.88,74,11.8,99,6
131,23,Agriculture,Grid,0.1,1.36,7.3,30,170,0.9,0.23,4.69,0.53,40,9.6,24,0.95,22.5,1.9,4.33,0.12,0.04,0.031,0.2,19.3,15.4,0.9,932,1.11,0.5,32.2,590,11.2,18.9,0.11,0.41,3.3,0.9,0.6,107.5,0.04,3.1,0.19,1.4,71,12,86,5.4
132,24,Agriculture,Grid,0.14,1.24,9.7,30,170,1.09,0.3,4.47,0.58,33.5,8.7,23,0.59,29.6,1.88,4,0.14,0.05,0.027,0.21,16.6,17.3,0.78,786,1.02,0.58,33.3,740,13.2,14.2,0.13,0.56,3,2.1,0.7,99.7,0.05,2.1,0.13,1.39,68,10.4,96,5.4
133,25,Agriculture,Grid,0.1,1.28,12.9,30,170,1.11,0.24,4.48,0.61,38.1,10,24,0.73,25.8,2.02,4.55,0.14,0.05,0.034,0.21,18.5,18.5,0.82,723,1.18,0.61,35.7,720,12.9,16.3,0.12,0.55,3.6,1.7,0.7,94.4,0.04,2.9,0.16,1.45,71,11.6,91,6
134,26,Agriculture,Grid,0.11,1.23,7.6,30,140,0.98,0.32,2.2,0.64,34.5,8.3,23,0.63,30.4,1.81,4.13,0.19,0.05,0.027,0.25,17.6,15.2,0.69,490,0.57,0.6,28,750,12.6,17.8,0.06,0.41,3.2,1.5,0.6,56.8,0.07,2.5,0.16,1.22,67,10.75,100,7.1
135,27,Agriculture,Grid,0.12,1.32,7.5,30,130,1.01,0.27,1.25,0.54,37.9,8.4,26,0.95,25.7,1.95,4.63,0.19,0.04,0.033,0.26,19.7,16.6,0.68,493,0.55,0.62,26.5,590,12.3,22.2,0.04,0.41,3.7,1,0.7,40.7,0.05,3.6,0.21,1.23,70,12.05,93,7.8
136,28,Agriculture,Grid,0.12,1.23,8,30,130,1.02,0.29,1.27,0.51,36.2,8.2,24,0.95,25.4,1.85,4.4,0.18,0.05,0.03,0.29,18.4,15.3,0.69,637,0.66,0.63,25.7,650,12.5,24.5,0.05,0.41,3.5,0.9,0.7,38.6,0.04,3,0.23,1.25,64,11.85,90,6.9
137,29,Agriculture,Grid,0.1,1.37,9.5,40,190,1.12,0.24,4.72,0.59,36.9,10,25,0.66,26.2,2,4.72,0.16,0.04,0.033,0.21,18.2,19.8,0.88,1320,1.35,0.62,33,780,11.8,18,0.1,0.46,3.4,2.4,0.7,128.5,0.05,2.3,0.15,1.94,73,11.35,99,6.2
138,30,Agriculture,Grid,0.09,1.2,8.6,40,170,1,0.23,6.55,0.58,33.7,8.4,21,0.57,26.5,1.8,4.17,0.11,0.05,0.028,0.19,16.6,17.9,0.8,947,0.69,0.59,31.1,790,11,14.9,0.15,0.45,2.8,2.4,0.6,151,0.03,1.7,0.13,1.59,65,10.55,92,4.6
139,31,Agriculture,Grid,0.09,1.21,8.2,40,150,1.02,0.23,4.4,0.62,34.6,8.1,22,0.59,25.9,1.81,4.19,0.16,0.05,0.029,0.22,17.2,16.8,0.79,602,0.58,0.65,28.3,860,11,16.5,0.12,0.45,3,2.3,0.6,101.5,0.04,2,0.13,1.52,67,10.7,98,6.2
140,32,Agriculture,Grid,0.11,1.39,9.3,30,160,1.13,0.25,3.54,0.68,38,9.1,26,0.73,27.3,2.03,4.83,0.2,0.05,0.031,0.22,18.9,18.2,0.78,612,0.71,0.73,32.4,780,12.5,18.4,0.07,0.46,3.7,2,0.7,82.7,0.05,2.7,0.17,1.37,77,11.85,101,7.1
141,33,Agriculture,Grid,0.1,1.27,7,30,130,0.94,0.25,1.33,0.66,36.4,7.7,24,0.67,27.7,1.81,4.3,0.22,0.05,0.032,0.26,18.5,14.9,0.61,509,0.49,0.63,27,700,12.6,21.3,0.05,0.39,3.2,1.7,0.6,46,0.04,2.5,0.18,1.31,68,11.7,102,8.1
142,34,Agriculture,Grid,0.11,1.35,8.1,30,140,1.09,0.26,0.95,0.62,38.4,8.7,26,0.97,26.5,1.96,4.62,0.21,0.05,0.035,0.28,19.8,15.6,0.52,670,0.57,0.62,28.7,560,12.5,25.8,0.05,0.37,3.6,0.9,0.7,41.6,0.03,3.2,0.21,1.3,72,12.05,106,8.1
143,35,Agriculture,Grid,0.13,1.25,8.4,30,130,0.96,0.29,1.16,0.57,36.8,8.1,24,0.89,25.8,1.9,4.37,0.19,0.05,0.031,0.31,18.5,15,0.63,733,0.59,0.59,25.9,660,12.5,24.6,0.05,0.36,3.4,1,0.7,39.9,0.04,2.9,0.22,1.33,65,11.5,99,7.2
144,36,Agriculture,Grid,0.1,1.3,12.5,30,180,1.04,0.24,4.96,0.51,37.3,9.3,23,0.85,24,2.08,4.49,0.15,0.05,0.032,0.2,18.3,18.3,0.93,1230,1.6,0.56,28.3,640,11.2,18.3,0.1,0.51,3.5,1.6,0.6,118.5,0.05,3,0.17,1.71,71,11.5,86,5.8
145,37,Agriculture,Grid,0.08,1.2,8.6,40,170,0.99,0.22,7.89,0.6,33,8.6,21,0.54,26,1.83,4.18,0.1,0.04,0.029,0.19,16.2,17.4,0.81,1080,0.78,0.61,30.7,820,10.7,14.3,0.13,0.45,2.8,2.3,0.6,163.5,0.04,1.6,0.13,1.82,65,9.97,90,4.1
146,38,Agriculture,Grid,0.09,1.2,8.1,40,150,1.01,0.22,5.45,0.67,34.1,8.3,22,0.61,29,1.78,4.18,0.18,0.05,0.029,0.2,17.1,16.9,0.76,751,0.69,0.64,28.9,810,11,17.1,0.1,0.45,2.9,2.7,0.6,124,0.04,1.9,0.14,1.54,65,10.65,94,6.1
147,39,Agriculture,Grid,0.09,1.3,7.4,30,140,0.99,0.24,3.02,0.64,36,7.8,24,0.64,29.4,1.86,4.35,0.2,0.04,0.031,0.24,18,15.8,0.76,553,0.52,0.71,27.3,770,11.7,20.2,0.06,0.43,3.2,2.1,0.6,77.2,0.04,2.4,0.17,1.34,70,11.15,101,7.7
148,40,Agriculture,Grid,0.1,1.37,6.9,30,140,1.03,0.26,1.21,0.64,37.2,7.9,26,0.78,27.4,1.93,4.51,0.22,0.05,0.032,0.31,19,15.6,0.58,558,0.57,0.69,27.3,730,13,25.1,0.06,0.41,3.3,1.5,0.7,44.3,0.04,2.7,0.19,1.41,73,11.95,105,8.6
149,41,Agriculture,Fine scale,0.11,1.26,7.6,30,130,0.91,0.25,1.36,0.58,34.8,7.6,24,0.78,24.6,1.83,4.16,0.18,0.04,0.03,0.3,17.8,14.3,0.66,588,0.54,0.58,25,730,11.8,23.1,0.05,0.37,3.1,1.2,0.6,41.6,0.04,2.6,0.19,1.24,66,11.1,103,7
150,41,Agriculture,Grid,0.11,1.26,7.6,30,130,0.91,0.25,1.36,0.58,34.8,7.6,24,0.78,24.6,1.83,4.16,0.18,0.04,0.03,0.3,17.8,14.3,0.66,588,0.54,0.58,25,730,11.8,23.1,0.05,0.37,3.1,1.2,0.6,41.6,0.04,2.6,0.19,1.24,66,11.1,103,7
151,42,Agriculture,Grid,0.11,1.34,7,30,130,1,0.26,1.16,0.61,38.9,8.2,26,0.91,27.8,1.88,4.63,0.21,0.05,0.031,0.31,20.2,15.5,0.56,646,0.47,0.62,27.3,650,12.6,24.8,0.05,0.35,3.6,1.1,0.7,43.2,0.05,2.9,0.21,1.27,69,12.15,106,7.9
152,43,Agriculture,Grid,0.09,1.25,7.5,30,170,0.86,0.21,7.11,0.49,31.8,7.7,22,0.66,21.9,1.78,3.95,0.11,0.04,0.026,0.18,16,16.3,0.97,1050,1.05,0.53,26.9,650,10,14.2,0.11,0.4,3,1.6,0.6,153,0.03,2.2,0.13,1.42,65,9.99,81,4.3
153,44,Agriculture,Grid,0.09,1.16,8.7,30,170,0.86,0.22,8.78,0.59,33.1,10,22,0.67,24,1.78,3.85,0.1,0.05,0.03,0.18,16.3,15.8,0.79,1470,1.45,0.54,33,720,10.5,15.1,0.1,0.48,3,1.6,0.6,160.5,0.04,2.2,0.14,1.29,64,10.25,85,4.4
154,45,Agriculture,Grid,0.1,1.17,9.3,40,150,0.92,0.22,6.33,0.64,32.8,8.8,22,0.57,27.1,1.74,3.98,0.12,0.04,0.029,0.2,16.4,15.8,0.74,1020,1.12,0.59,30.9,840,11,15.2,0.1,0.47,2.8,2.2,0.6,126.5,0.04,1.8,0.14,1.56,66,10.1,91,4.7
155,46,Agriculture,Grid,0.1,1.32,8.4,30,140,1,0.25,2.56,0.62,36.7,8.2,26,0.86,27.2,1.96,4.49,0.2,0.05,0.034,0.26,18.7,15.7,0.8,668,0.64,0.67,27.7,750,12.2,23.3,0.06,0.45,3.3,1.7,0.7,66.6,0.05,2.6,0.21,1.38,71,11.5,105,7.4
156,47,Agriculture,Grid,0.12,1.27,8.5,30,130,0.95,0.29,1.31,0.57,37.7,8.3,25,0.89,25.5,1.92,4.37,0.2,0.04,0.03,0.29,19.1,14.6,0.62,725,0.61,0.73,27.1,640,12.4,24.1,0.05,0.4,3.2,1.1,0.6,39.7,0.04,2.7,0.22,1.42,67,11.65,106,7.5
157,48,Agriculture,Grid,0.11,1.36,9.1,30,140,1.02,0.26,1.54,0.58,38.2,8.7,26,1.07,24.5,2.04,4.59,0.19,0.05,0.03,0.28,19.3,15.4,0.76,866,0.67,0.6,27.5,600,12.4,26.7,0.04,0.42,3.6,0.8,0.7,43.4,0.05,3.4,0.24,1.51,72,11.9,103,7.4
158,49,Agriculture,Grid,0.11,1.35,7,30,130,0.96,0.25,1.68,0.48,38.5,7.8,25,1.05,24.1,1.86,4.63,0.17,0.05,0.033,0.28,19.6,15.6,0.8,700,0.48,0.6,25.9,610,11.6,25.8,0.04,0.35,3.8,0.7,0.7,46.6,0.05,3.5,0.24,1.23,70,11.9,97,7.2
159,50,Agriculture,Fine scale,0.1,1.39,10.5,40,190,1.07,0.24,5.3,0.51,36.7,9.4,25,0.71,25,2.06,4.74,0.13,0.04,0.031,0.22,18.2,18.8,0.89,1370,1.53,0.64,31.5,760,12.3,17.4,0.33,0.47,3.6,1.8,0.7,121.5,0.04,2.4,0.16,1.82,75,11.15,89,5.1
160,51,Agriculture,Fine scale,0.1,1.42,10.5,40,200,1.09,0.24,4.96,0.53,37,9.7,25,0.67,25.6,2.1,4.78,0.14,0.04,0.032,0.21,18.1,18.4,0.88,1450,1.35,0.66,30.9,740,12.5,17.9,0.2,0.46,3.5,1.9,0.7,113,0.04,2.5,0.16,1.8,76,11.45,92,5.6
161,52,Agriculture,Fine scale,0.11,1.4,10.3,40,190,1.1,0.24,4.58,0.53,38.1,10.2,25,0.69,25.2,2.05,4.77,0.16,0.04,0.031,0.21,19.2,18.3,0.85,1360,1.36,0.73,33.3,770,12.1,18.3,0.1,0.46,3.6,1.7,0.7,106,0.04,2.6,0.16,1.7,75,11.45,95,6.2
162,54,Agriculture,Fine scale,0.1,1.29,9.7,40,180,0.97,0.23,4.89,0.51,35.8,9.3,23,0.7,23.9,2,4.49,0.12,0.05,0.032,0.22,17.8,18.6,0.92,1320,1.3,0.63,30.2,760,11.7,18.6,0.37,0.45,3.3,2.1,0.6,112.5,0.05,2.4,0.15,1.98,68,11.25,87,5.2
163,55,Agriculture,Fine scale,0.1,1.27,9.7,30,170,1,0.24,4.63,0.45,35.3,8.9,23,0.77,22.7,1.98,4.18,0.13,0.04,0.03,0.22,17.3,17.7,0.92,1280,1.28,0.57,28.1,690,11.7,18.8,0.42,0.42,3.3,1.9,0.6,104.5,0.04,2.7,0.18,1.84,67,11.05,87,5.2
164,56,Agriculture,Fine scale,0.09,1.22,10,30,170,0.94,0.25,4.93,0.45,35.9,9.1,22,0.73,22.7,1.9,4.17,0.12,0.04,0.028,0.21,17.4,17.6,0.96,1260,1.23,0.56,28.1,720,11.9,17.6,0.45,0.44,3.2,2,0.6,110.5,0.05,2.7,0.16,1.82,64,11.25,88,5.2
165,57,Agriculture,Fine scale,0.09,1.3,11.8,40,200,1.03,0.24,5.54,0.58,34.4,9.7,23,0.51,27.2,2.08,4.32,0.13,0.04,0.031,0.22,17,17.4,0.8,1140,1.06,0.62,33.6,850,11.8,13.5,0.18,0.5,3,2.7,0.6,120.5,0.04,2,0.12,1.53,73,10.65,96,5.2
166,58,Agriculture,Fine scale,0.09,1.28,11.8,40,190,1.05,0.25,5.6,0.62,35.5,10.1,23,0.48,28,1.99,4.42,0.13,0.04,0.031,0.21,17.5,17.9,0.79,1140,1.05,0.68,34.7,840,12.1,13.6,0.15,0.5,3.1,2.8,0.7,124,0.04,1.9,0.12,1.59,71,10.9,95,5.1
167,59,Agriculture,Fine scale,0.08,1.18,11.4,40,190,0.96,0.23,5.8,0.59,32.7,9.6,22,0.45,25.9,1.94,4.01,0.13,0.04,0.028,0.19,16.3,16.5,0.77,1130,0.94,0.61,32.7,880,11.5,12.2,0.19,0.5,2.7,2.3,0.6,123.5,0.04,1.7,0.11,1.71,66,10.35,94,4.7
168,61,Agriculture,Fine scale,0.09,1.25,11.7,40,190,1,0.23,6.2,0.58,33.9,9.7,22,0.46,26,1.97,4.28,0.11,0.04,0.029,0.19,16.6,17.4,0.8,1260,0.9,0.62,33.7,840,11.5,12,0.18,0.47,2.9,2.7,0.6,135.5,0.05,1.7,0.12,1.6,69,10.2,91,4.4
169,62,Agriculture,Fine scale,0.09,1.13,11.4,30,190,0.95,0.24,6.43,0.56,34.8,9.6,21,0.5,25.1,1.92,3.85,0.13,0.03,0.026,0.16,16.9,19.4,0.79,1260,1.12,0.56,31.4,800,12.1,11.6,0.18,0.57,2.6,2.2,0.8,134.5,0.04,1.9,0.12,1.7,63,10.1,89,4.9
170,63,Agriculture,Fine scale,0.08,1.16,10.9,30,190,0.98,0.24,6.82,0.54,34.4,9,22,0.54,23.5,1.92,3.83,0.13,0.04,0.027,0.16,16.6,19.4,0.82,1350,1.07,0.54,30.8,840,11.2,11.5,0.26,0.51,2.7,2,0.8,143,0.05,2.2,0.13,1.7,64,10.1,92,4.8
171,64,Agriculture,Fine scale,0.11,1.25,7.8,30,140,0.91,0.26,1.5,0.65,38,8.2,25,0.85,24.8,1.92,4.11,0.21,0.04,0.03,0.26,18.8,16.1,0.67,750,0.52,0.54,27.1,630,12.2,23.3,0.04,0.41,3,1.1,0.8,44.2,0.04,3.1,0.2,1.27,66,11.35,106,8.2
172,65,Agriculture,Fine scale,0.1,1.26,8.1,30,140,0.95,0.29,1.42,0.68,39,8.3,25,0.87,25.5,1.96,4.21,0.22,0.03,0.031,0.27,19.3,16.3,0.67,762,0.51,0.58,27.7,640,12.7,24.1,0.04,0.4,3,1,0.9,43.1,0.03,3.2,0.22,1.36,67,11.9,107,8.3
173,66,Agriculture,Fine scale,0.11,1.26,8,30,140,0.94,0.27,1.61,0.64,37.7,7.9,25,0.84,25.2,1.91,4.16,0.21,0.04,0.031,0.25,19,16.3,0.72,703,0.5,0.57,27.2,630,12.3,22.4,0.04,0.4,3.1,0.9,0.8,44.2,0.04,3.2,0.2,1.3,67,11.6,104,8
174,68,Agriculture,Fine scale,0.1,1.29,9,30,140,0.93,0.28,1.81,0.61,38.4,7.9,26,0.89,24.8,2.01,4.21,0.21,0.04,0.031,0.26,19,16.7,0.75,646,0.51,0.6,27.1,640,12.3,22.7,0.04,0.43,3.2,1,0.8,45.5,0.04,3.4,0.22,1.32,70,11.55,103,8.2
175,69,Agriculture,Fine scale,0.1,1.28,8.2,30,140,0.94,0.28,1.65,0.61,38.3,8,26,0.91,26.8,1.97,4.22,0.21,0.04,0.03,0.25,19.1,16.8,0.72,645,0.51,0.59,27.3,640,12.4,22.9,0.04,0.42,3.2,0.9,0.9,45,0.04,3.3,0.22,1.34,70,11.8,103,8.2
176,70,Agriculture,Fine scale,0.1,1.27,8.5,30,150,0.92,0.28,1.61,0.62,38,8.1,25,0.84,25.2,1.95,4.14,0.21,0.05,0.03,0.25,18.8,16.6,0.71,673,0.55,0.68,27.2,650,12.5,22.1,0.04,0.4,3.1,1.1,0.8,44.4,0.04,3.2,0.21,1.36,68,11.75,102,8
177,71,Agriculture,Likely to erode,0.09,1.03,8.3,30,140,0.77,0.24,4.32,0.41,35.3,7.3,20,0.86,18.7,1.68,3.41,0.11,0.04,0.026,0.21,16.9,16.8,1.06,831,1.11,0.44,24.4,610,10.7,16.7,0.19,0.4,2.8,1.3,0.8,80.9,0.04,3.3,0.19,1.72,54,10.3,75,5.1
178,72,Agriculture,Likely to erode,0.09,1.01,14.5,30,170,0.8,0.24,4.72,0.52,33.6,9,20,0.58,20.3,1.89,3.32,0.13,0.04,0.025,0.19,16,15.9,0.88,1360,1.79,0.46,27.7,640,10.8,13.4,0.13,0.45,2.6,1.5,0.7,92.6,0.04,2.8,0.14,1.76,59,9.81,77,5.4
179,73,Agriculture,Likely to erode,0.1,1.12,9.4,30,170,0.88,0.26,3.99,0.42,42.5,9,21,0.83,19.6,1.73,3.78,0.13,0.04,0.027,0.21,19.5,17.8,0.96,1160,1.46,0.39,27.1,490,12.6,18,0.09,0.37,3.1,0.9,0.8,87.6,0.04,4.1,0.19,1.55,58,11.9,76,5.7
180,74,Agriculture,Likely to erode,0.09,0.96,11.8,20,150,0.74,0.26,4.15,0.44,38.3,8.5,19,0.98,19.6,1.74,3.39,0.11,0.05,0.026,0.21,17.6,16.2,1.03,1020,1.52,0.44,25.8,610,11.6,18.5,0.12,0.44,2.8,1.4,0.8,77.2,0.05,3.8,0.22,1.78,50,11,76,5
181,75,Agriculture,Likely to erode,0.09,1,12,20,160,0.79,0.24,4.07,0.48,36.5,9,20,0.85,19.7,1.82,3.29,0.09,0.04,0.026,0.22,17,16.1,0.95,1260,1.59,0.44,26.8,670,11.4,17.2,0.14,0.43,2.6,1.3,0.7,76.1,0.04,3.2,0.21,1.7,54,10.45,80,4
182,76,Agriculture,Likely to erode,0.09,0.93,9.9,20,150,0.74,0.23,4.23,0.41,35.7,8,18,0.88,18.7,1.65,3.19,0.1,0.04,0.025,0.2,16.9,15.3,1.1,1050,1.42,0.41,24.8,620,11.1,16.9,0.19,0.44,2.6,1.3,0.7,74.6,0.04,3.4,0.2,1.75,49,10.5,73,4.7
183,77,Agriculture,Likely to erode,0.08,1.03,9.3,20,150,0.76,0.24,4.84,0.45,35.9,7.6,20,0.83,18.3,1.68,3.3,0.1,0.04,0.024,0.22,16.9,15.2,1.04,885,1.11,0.44,24,640,11.2,16.5,0.08,0.39,2.6,1.2,0.7,81.4,0.03,3.2,0.2,1.75,56,10.35,81,4.4
184,78,Agriculture,Likely to erode,0.09,1.11,10.2,30,160,0.87,0.28,4.16,0.49,39.3,8.5,22,0.97,21.3,1.88,3.77,0.1,0.05,0.029,0.23,18.5,17.5,0.92,948,1.21,0.47,26.8,690,12.3,19.2,0.08,0.42,3,1.5,0.8,81.8,0.05,3.4,0.22,1.66,59,11.25,88,4.7
