"record_number","sample_name","measurement_date_time","dx_10","dx_50","dx_80","dx_90","specific_surface_area","result_below_2_mm","result_in_range_2_10_mm","result_above_63_mm","sampling_design","sample_number","Site"
4,"Average of '164'","7/28/2021 12:49",4.521069786,21.80372401,37.17277657,46.33630353,558.250606,2.172924228,19.96592087,2.030031632,"Fine scale",164,"Forest"
8,"Average of '165'","7/28/2021 13:08",3.738223612,18.29661301,33.49915059,42.91056441,668.1206144,2.966999339,25.50866544,1.488553452,"Fine scale",165,"Forest"
12,"Average of '166'","7/28/2021 13:18",4.052421351,19.72136966,34.58010172,43.66754378,618.9262466,2.629277747,22.69999207,1.441370161,"Fine scale",166,"Forest"
16,"Average of '167'","7/28/2021 13:33",4.468551902,22.38086786,39.03929013,49.18582165,564.0230106,2.347536992,20.10676898,3.205758851,"Fine scale",167,"Forest"
20,"Average of '168'","7/28/2021 13:41",3.98994086,18.8358263,34.01716701,43.42941855,631.1429124,2.599524209,24.43300963,1.609391641,"Fine scale",168,"Forest"
24,"Average of '169'","7/28/2021 13:54",4.08938455,19.31521327,34.00136164,43.03714789,616.510338,2.534194631,23.10248005,1.337528024,"Fine scale",169,"Forest"
28,"Average of '170'","7/28/2021 14:03",4.249864849,20.84894748,37.49170522,47.64703883,586.8281116,2.313239,22.52435667,2.823453414,"Fine scale",170,"Forest"
32,"Average of '150'","7/29/2021 13:16",3.207439958,17.1915838,38.33334502,51.47364224,746.6894399,3.502876851,31.43493269,5.12032603,"Fine scale",150,"Forest"
36,"Average of '151'","7/29/2021 13:35",3.083610837,17.63271938,38.97229404,51.91502918,758.3413358,3.880154309,30.76472369,5.172401611,"Fine scale",151,"Forest"
40,"Average of '152'","7/29/2021 13:42",3.567287054,22.38154777,44.24331208,57.16526224,653.0778848,3.021348364,25.76798332,7.081250175,"Fine scale",152,"Forest"
44,"Average of '153'","7/29/2021 13:50",3.479652109,20.94450269,39.96015113,51.22844796,678.3504322,3.238757932,25.95655455,4.344370943,"Fine scale",153,"Forest"
48,"Average of '154'","7/29/2021 13:57",3.674274639,22.33783954,42.25485168,54.1835116,648.5869821,3.186634792,23.8730203,5.589534589,"Fine scale",154,"Forest"
52,"Average of '155'","7/29/2021 14:05",3.409114526,18.96555911,39.66320557,52.15601418,693.872113,3.126199452,28.69970287,5.086430667,"Fine scale",155,"Forest"
56,"Average of '156'","7/29/2021 14:25",3.389521187,20.5185714,42.36744115,55.44005162,685.0271896,3.309412532,27.16519899,6.360647624,"Fine scale",156,"Forest"
60,"Average of '157'","7/29/2021 14:33",3.387335231,20.79104053,40.67325365,52.51555329,691.3382015,3.468413618,26.02889754,4.998005141,"Fine scale",157,"Forest"
64,"Average of '158'","7/29/2021 14:40",3.68325371,21.60583507,39.950147,51.03908327,642.126249,3.002970792,23.90267182,4.237582376,"Fine scale",158,"Forest"
68,"Average of '159'","7/29/2021 14:48",3.44230586,18.98955008,36.7270316,47.74933391,695.7477793,3.431224776,26.37574532,3.227454371,"Fine scale",159,"Forest"
76,"Average of '160'","7/29/2021 14:58",3.692625239,20.87459778,38.73767189,49.62761255,653.3222648,3.04542821,24.18794705,3.673033708,"Fine scale",160,"Forest"
80,"Average of '161'","7/29/2021 15:08",3.708938876,21.07084055,38.00636589,48.13417491,653.0283557,3.116181877,23.59272368,2.875330446,"Fine scale",161,"Forest"
84,"Average of '162'","7/29/2021 15:19",7.873239427,36.44239081,55.18896478,65.828503,357.354715,1.341497479,10.44464212,12.29646923,"Fine scale",162,"Forest"
88,"Average of '163'","7/29/2021 15:27",3.512485281,16.85342156,31.4208041,40.35290445,718.2561068,3.261593436,28.19786951,1.03654951,"Fine scale",163,"Forest"
4,"Average of '171'","7/28/2021 14:16",4.878728199,26.71415241,44.82587477,55.68337947,518.259929,2.272165235,16.81127724,5.819845676,"Likely to erode",171,"Forest"
8,"Average of '172'","7/28/2021 14:25",4.774215859,26.11367495,44.46527574,55.48716339,529.0175962,2.355319779,17.36693242,5.795704723,"Likely to erode",172,"Forest"
12,"Average of '173'","7/28/2021 14:32",5.516528682,29.48645165,46.78547882,56.99737962,451.8569007,1.720064959,14.39376693,6.300730171,"Likely to erode",173,"Forest"
16,"Average of '174'","7/28/2021 14:42",5.094462112,26.31174549,43.18169948,53.13362251,492.1940995,1.882669971,16.44040015,4.487931183,"Likely to erode",174,"Forest"
20,"Average of '175'","7/28/2021 14:49",4.716079026,23.5041492,39.03793118,48.35579207,529.111402,1.96729493,18.41889161,2.496228218,"Likely to erode",175,"Forest"
24,"Average of '176'","7/28/2021 14:58",4.452905652,23.06946008,39.19196571,48.83939706,551.5380658,2.132819071,19.85425298,2.776439393,"Likely to erode",176,"Forest"
28,"Average of '177'","7/28/2021 15:05",9.842220592,33.14957474,49.90217392,59.68682257,360.1271996,1.299857777,8.79216713,7.820103314,"Likely to erode",177,"Forest"
32,"Average of '178'","7/28/2021 15:21",4.275902241,24.58374274,45.32042295,57.92814398,580.3623254,2.759345877,20.12470086,7.399468241,"Likely to erode",178,"Forest"
4,"Average of '101'","8/4/2021 12:58",2.870435611,9.82011514,21.9934888,30.96894525,906.6076556,3.494636594,47.20696162,0.579535217,"Transect",101,"Forest"
8,"Average of '102'","8/4/2021 13:08",3.103139575,12.89392257,29.97706448,41.75320521,822.9276655,3.580608922,38.00763167,2.466555782,"Transect",102,"Forest"
16,"Average of '103'","8/4/2021 13:30",2.995313935,12.12906199,27.83082348,38.38662531,853.6236961,3.916150543,39.41235227,1.274287249,"Transect",103,"Forest"
20,"Average of '104'","8/4/2021 13:38",2.844177051,11.39718233,26.78966091,37.35816294,898.4152201,4.179287827,41.44494006,1.35407961,"Transect",104,"Forest"
28,"Average of '105'","8/4/2021 13:49",2.90432179,12.83695033,31.36000689,43.66419325,898.9128141,4.568739295,37.88146963,2.89539761,"Transect",105,"Forest"
32,"Average of '106'","8/4/2021 14:02",2.92383262,15.43042057,32.43468818,42.84451995,856.2579289,4.777513823,32.1494582,1.936528484,"Transect",106,"Forest"
36,"Average of '107'","8/4/2021 14:10",3.364618892,17.28088127,37.35261397,49.74546105,759.9933222,3.967177943,29.46103801,4.253984712,"Transect",107,"Forest"
4,"Average of '114'","8/3/2021 14:04",3.159748611,17.37427921,34.88067877,45.573285,793.549523,4.305328309,28.93515254,2.733323108,"Transect",114,"Forest"
8,"Average of '113'","8/3/2021 14:12",3.082830519,16.30383874,37.57998646,50.18376424,815.6045218,4.35883496,32.39286212,4.39850009,"Transect",113,"Forest"
12,"Average of '112'","8/3/2021 14:23",2.67024662,8.491557837,19.98688391,30.60838052,1022.996563,4.614040298,51.94412541,1.364458013,"Transect",112,"Forest"
16,"Average of '111'","8/3/2021 14:31",3.270517746,15.78042737,33.50358099,44.58443434,762.259269,3.572012292,31.92006517,2.515262936,"Transect",111,"Forest"
20,"Average of '110'","8/3/2021 14:39",4.746394079,28.61750064,51.37359226,64.75835073,499.714284,1.913880151,19.28710008,11.06384862,"Transect",110,"Forest"
24,"Average of '109'","8/3/2021 14:52",4.155472051,24.5314523,44.05654019,55.66709307,577.4657945,2.459047439,21.63629969,6.069646077,"Transect",109,"Forest"
28,"Average of '108'","8/3/2021 15:00",4.176121246,22.30294134,40.1825212,50.93217371,592.10432,2.523024752,21.87155336,4.010143821,"Transect",108,"Forest"
4,"Average of '101'","8/4/2021 12:58",2.870435611,9.82011514,21.9934888,30.96894525,906.6076556,3.494636594,47.20696162,0.579535217,"Grid",101,"Forest"
8,"Average of '102'","8/4/2021 13:08",3.103139575,12.89392257,29.97706448,41.75320521,822.9276655,3.580608922,38.00763167,2.466555782,"Grid",102,"Forest"
16,"Average of '103'","8/4/2021 13:30",2.995313935,12.12906199,27.83082348,38.38662531,853.6236961,3.916150543,39.41235227,1.274287249,"Grid",103,"Forest"
20,"Average of '104'","8/4/2021 13:38",2.844177051,11.39718233,26.78966091,37.35816294,898.4152201,4.179287827,41.44494006,1.35407961,"Grid",104,"Forest"
28,"Average of '105'","8/4/2021 13:49",2.90432179,12.83695033,31.36000689,43.66419325,898.9128141,4.568739295,37.88146963,2.89539761,"Grid",105,"Forest"
32,"Average of '106'","8/4/2021 14:02",2.92383262,15.43042057,32.43468818,42.84451995,856.2579289,4.777513823,32.1494582,1.936528484,"Grid",106,"Forest"
36,"Average of '107'","8/4/2021 14:10",3.364618892,17.28088127,37.35261397,49.74546105,759.9933222,3.967177943,29.46103801,4.253984712,"Grid",107,"Forest"
4,"Average of '114'","8/3/2021 14:04",3.159748611,17.37427921,34.88067877,45.573285,793.549523,4.305328309,28.93515254,2.733323108,"Grid",114,"Forest"
8,"Average of '113'","8/3/2021 14:12",3.082830519,16.30383874,37.57998646,50.18376424,815.6045218,4.35883496,32.39286212,4.39850009,"Grid",113,"Forest"
12,"Average of '112'","8/3/2021 14:23",2.67024662,8.491557837,19.98688391,30.60838052,1022.996563,4.614040298,51.94412541,1.364458013,"Grid",112,"Forest"
16,"Average of '111'","8/3/2021 14:31",3.270517746,15.78042737,33.50358099,44.58443434,762.259269,3.572012292,31.92006517,2.515262936,"Grid",111,"Forest"
20,"Average of '110'","8/3/2021 14:39",4.746394079,28.61750064,51.37359226,64.75835073,499.714284,1.913880151,19.28710008,11.06384862,"Grid",110,"Forest"
24,"Average of '109'","8/3/2021 14:52",4.155472051,24.5314523,44.05654019,55.66709307,577.4657945,2.459047439,21.63629969,6.069646077,"Grid",109,"Forest"
28,"Average of '108'","8/3/2021 15:00",4.176121246,22.30294134,40.1825212,50.93217371,592.10432,2.523024752,21.87155336,4.010143821,"Grid",108,"Forest"
4,"Average of '121'","8/3/2021 12:36",3.168461057,15.22835262,34.7114878,47.08647747,827.3177809,4.333067749,32.90676243,3.587570757,"Grid",121,"Forest"
8,"Average of '120'","8/3/2021 12:43",2.605151402,9.640785429,23.41042843,33.00183955,1011.431778,5.109572122,46.12673571,0.657681937,"Grid",120,"Forest"
16,"Average of '119'","8/3/2021 13:13",2.577815867,8.757752442,21.27372846,30.74966791,1032.610994,5.011020232,49.74741248,0.624302962,"Grid",119,"Forest"
20,"Average of '118'","8/3/2021 13:22",4.329065975,25.90770919,45.33498471,56.77013873,554.8043702,2.393642153,20.18675858,6.513288995,"Grid",118,"Forest"
24,"Average of '117'","8/3/2021 13:29",3.344013418,16.24988078,34.8515392,46.28708488,737.5934386,3.131883952,32.32214882,3.019751197,"Grid",117,"Forest"
28,"Average of '116'","8/3/2021 13:37",3.395072792,17.53516598,36.92074507,48.61749929,704.9733685,2.95168306,30.7907662,3.64813469,"Grid",116,"Forest"
32,"Average of '115'","8/3/2021 13:45",3.590857086,19.60097634,38.0094193,49.103705,679.1524069,3.222827577,26.0838536,3.529250142,"Grid",115,"Forest"
4,"Average of '128'","8/3/2021 11:33",3.554441444,18.0765234,38.76859619,51.36054464,705.7431259,3.25536179,29.12978446,4.858090347,"Grid",128,"Forest"
8,"Average of '127'","8/3/2021 11:43",2.921997588,10.78273331,23.84475529,32.93983581,870.6650537,3.451593929,43.7667592,0.608623676,"Grid",127,"Forest"
12,"Average of '126'","8/3/2021 11:52",3.432617232,19.04165943,37.93566209,49.19283923,706.785412,3.345794313,28.03778803,3.629979242,"Grid",126,"Forest"
16,"Average of '125'","8/3/2021 11:59",3.912347797,21.37052693,40.48855542,52.05030535,620.3615891,2.641831374,24.27962219,4.796981173,"Grid",125,"Forest"
20,"Average of '124'","8/3/2021 12:12",2.907386083,11.7444235,26.48766637,36.39975595,882.5770383,4.05191323,40.40111549,1.028904638,"Grid",124,"Forest"
24,"Average of '123'","8/3/2021 12:21",3.236804473,13.94397397,29.17436236,38.95244501,766.9271649,3.056828679,35.45200687,1.250962733,"Grid",123,"Forest"
28,"Average of '122'","8/3/2021 12:28",3.576406757,20.37324167,39.09084378,50.13583688,687.0155303,3.441499039,25.72946012,3.827302381,"Grid",122,"Forest"
4,"Average of '129'","8/3/2021 9:54",3.232562106,16.67689053,34.48861869,45.34636077,773.1282846,3.903162319,30.39886963,2.613572372,"Grid",129,"Forest"
8,"Average of '130'","8/3/2021 10:21",3.752367563,20.33139465,37.3755804,47.57238786,651.9771721,3.022145744,24.31966572,2.79730414,"Grid",130,"Forest"
12,"Average of '131'","8/3/2021 10:28",3.139761456,14.73291732,32.53841645,43.69202676,797.8324697,3.824050267,34.04884303,2.370672545,"Grid",131,"Forest"
16,"Average of '132'","8/3/2021 10:36",3.340609696,16.05589445,36.21499803,49.00296077,749.3009228,3.250046987,32.77340539,4.210674189,"Grid",132,"Forest"
20,"Average of '133'","8/3/2021 10:44",4.847778169,28.99243356,51.71017048,65.086585,492.593308,1.868041969,18.96709353,11.27808122,"Grid",133,"Forest"
24,"Average of '134'","8/3/2021 10:51",3.407835835,14.75641644,32.31114368,44.1274262,713.5737049,2.504926126,34.53905498,2.91937553,"Grid",134,"Forest"
28,"Average of '135'","8/3/2021 11:06",4.154875983,21.56704828,37.51378577,47.07815876,603.2665219,2.680582124,21.10239093,2.351393159,"Grid",135,"Forest"
32,"Average of '133'","8/3/2021 11:22",4.809901425,28.72910462,51.33348567,64.42305301,496.7513755,1.88246868,19.2417711,10.87791629,"Grid",133,"Forest"
4,"Average of '136'","7/30/2021 14:32",2.901041212,13.47359437,30.34446659,40.8960844,868.6397098,4.354868529,36.60202038,1.699833531,"Grid",136,"Forest"
8,"Average of '137'","7/30/2021 14:38",3.441393235,17.14551019,33.85965334,44.17917614,728.4493687,3.466986561,28.77257515,2.15156436,"Grid",137,"Forest"
12,"Average of '138'","7/30/2021 14:46",3.110500462,15.09013353,31.83279327,42.21859358,810.701048,4.112928047,32.69265031,1.740506635,"Grid",138,"Forest"
16,"Average of '139'","7/30/2021 14:53",3.448410623,17.80392813,35.74270622,46.7284708,717.5778082,3.387941377,28.69078679,2.939111828,"Grid",139,"Forest"
20,"Average of '140'","7/30/2021 15:00",3.794589965,18.34183835,33.72278068,43.26084215,661.452596,2.84055607,25.67096904,1.605822264,"Grid",140,"Forest"
24,"Average of '141'","7/30/2021 15:12",3.91361443,20.22923974,36.6857888,46.69331315,629.8221327,2.710455296,23.72675681,2.586304459,"Grid",141,"Forest"
28,"Average of '142'","7/30/2021 15:19",3.571438425,21.30052752,40.23724216,51.32427363,679.2125386,3.408554077,24.91763844,4.271288908,"Grid",142,"Forest"
8,"Average of '143'","7/30/2021 13:28",2.721762084,11.02718985,26.47477683,37.00563393,940.3013262,4.75898712,42.06312007,1.354035037,"Grid",143,"Forest"
12,"Average of '144'","7/30/2021 13:36",2.749639598,11.35264693,26.71876602,37.11687151,940.2746722,4.875289624,40.93431593,1.275469594,"Grid",144,"Forest"
16,"Average of '145'","7/30/2021 13:49",2.840304188,12.2501146,28.35312734,38.84229487,896.2592213,4.426968599,39.11534336,1.491574504,"Grid",145,"Forest"
20,"Average of '146'","7/30/2021 13:57",3.145573051,16.75367806,34.55289596,45.49261293,798.6980154,4.368700141,29.71336211,2.731095003,"Grid",146,"Forest"
24,"Average of '147'","7/30/2021 14:04",2.846353606,12.9584063,28.38081171,38.47311564,899.5977112,4.865430703,36.49346727,1.310236435,"Grid",147,"Forest"
28,"Average of '148'","7/30/2021 14:11",3.375165856,18.37691409,37.95921064,50.03823471,729.3853509,3.627735934,28.31220391,4.273661721,"Grid",148,"Forest"
32,"Average of '149'","7/30/2021 14:18",3.32296443,15.9499352,34.70831195,47.7441298,746.5806138,3.431339617,31.54499682,4.233209484,"Grid",149,"Forest"
4,"Average of '50'","7/22/2021 11:09",1.713219427,6.816867952,20.83095126,35.40726979,1676.687348,12.74191278,49.17790838,3.068051557,"Fine scale",50,"Agriculture"
8,"Average of '51'","7/22/2021 11:23",1.54146473,5.856836066,16.90458907,30.79170163,1897.709522,14.65200139,53.01820649,2.562344766,"Fine scale",51,"Agriculture"
12,"Average of '52'","7/22/2021 11:31",1.48783997,5.202349118,12.74579094,22.07167349,2014.598431,15.69592813,57.97852085,1.034328772,"Fine scale",52,"Agriculture"
16,"Average of '54'","7/22/2021 11:38",1.622291169,5.932438646,16.16571253,28.10493066,1807.871302,13.90286672,53.96262872,1.874416836,"Fine scale",54,"Agriculture"
20,"Average of '55'","7/22/2021 11:46",1.870339942,6.748307689,18.21714739,29.59211726,1569.392074,11.31595061,52.18526378,1.621487779,"Fine scale",55,"Agriculture"
24,"Average of '56'","7/22/2021 11:55",1.851139916,6.384848975,16.40787314,26.54929757,1597.095275,11.52366427,54.55162644,1.098101462,"Fine scale",56,"Agriculture"
28,"Average of '57'","7/22/2021 12:10",1.421935258,4.987843769,11.69733158,20.87969034,2120.056514,16.3041018,59.69789526,0.955850161,"Fine scale",57,"Agriculture"
32,"Average of '58'","7/22/2021 12:19",1.460420299,5.235642569,12.6117741,22.58480994,2051.689929,15.86005902,58.028748,1.268896523,"Fine scale",58,"Agriculture"
36,"Average of '59'","7/22/2021 12:28",1.539036086,5.289254627,12.96133025,24.54995619,1964.110461,14.87920675,58.67825216,1.847529602,"Fine scale",59,"Agriculture"
40,"Average of '61'","7/22/2021 12:36",1.477616841,5.213310711,12.6392242,23.25407169,2026.562549,15.60067276,58.42563182,1.345438939,"Fine scale",61,"Agriculture"
44,"Average of '62'","7/22/2021 13:00",1.41439192,5.065755561,12.02203607,21.93964018,2108.874203,16.24826734,59.05734613,1.431791449,"Fine scale",62,"Agriculture"
48,"Average of '63'","7/22/2021 13:20",1.44972761,5.194876626,12.41514843,20.89314283,2075.791253,15.95024683,58.20974448,0.661914474,"Fine scale",63,"Agriculture"
52,"Average of '64'","7/22/2021 13:28",1.828923193,5.724542199,13.18238197,20.95790115,1679.750106,11.90522413,59.91150416,0.508841274,"Fine scale",64,"Agriculture"
56,"Average of '65'","7/22/2021 13:36",1.811313462,5.631499539,12.50547185,19.28037261,1702.757057,12.1303361,60.88933221,0.299527151,"Fine scale",65,"Agriculture"
60,"Average of '66'","7/22/2021 13:44",1.805516979,5.677296002,12.9057979,20.29245811,1702.68473,12.14456348,60.14946915,0.5061332,"Fine scale",66,"Agriculture"
64,"Average of '68'","7/22/2021 14:02",1.797708898,5.596308379,12.4609534,19.28518227,1718.636119,12.25210416,60.96112425,0.258009038,"Fine scale",68,"Agriculture"
68,"Average of '69'","7/22/2021 14:13",1.813722546,5.678373558,12.71158634,19.66711009,1693.630251,12.08057894,60.46212219,0.187093432,"Fine scale",69,"Agriculture"
72,"Average of '70'","7/22/2021 14:22",1.833354328,5.766497306,13.14960192,20.61577907,1662.30935,11.86596121,59.82183172,0.455871228,"Fine scale",70,"Agriculture"
4,"Average of '71'","7/22/2021 9:43",2.377448117,8.775008284,21.14596723,30.32094052,1152.534007,6.850500314,47.76410626,0.504941777,"Likely to erode",71,"Agriculture"
8,"Average of '72'","7/22/2021 9:56",1.997941912,7.609642996,22.01589401,34.18426801,1408.229922,10.01892655,48.6883651,1.620260714,"Likely to erode",72,"Agriculture"
12,"Average of '73'","7/22/2021 10:05",2.03749016,7.220126234,18.53438018,29.19377724,1402.490255,9.645745485,51.99012953,1.111857265,"Likely to erode",73,"Agriculture"
16,"Average of '74'","7/22/2021 10:20",2.101881475,8.414078332,22.08041279,32.2413017,1322.818532,9.146479148,46.42310862,0.853163835,"Likely to erode",74,"Agriculture"
20,"Average of '75'","7/22/2021 10:29",1.927053198,7.059990516,18.34392436,28.01995565,1498.327754,10.75556436,51.01337926,1.130552789,"Likely to erode",75,"Agriculture"
24,"Average of '76'","7/22/2021 10:38",2.295746614,10.5453207,26.13544948,36.56709428,1160.347305,7.700600717,40.7129115,1.333482569,"Likely to erode",76,"Agriculture"
28,"Average of '77'","7/22/2021 10:47",2.144365134,8.549671944,25.23876485,38.53757812,1288.553589,8.800863529,45.92683028,2.588379612,"Likely to erode",77,"Agriculture"
32,"Average of '78'","7/22/2021 10:55",1.892253678,7.01734983,21.19573636,35.92262636,1513.044582,11.10096527,50.27043653,2.841571545,"Likely to erode",78,"Agriculture"
4,"Average of '1'","7/22/2021 14:35",1.59397034,5.612353925,13.66302879,21.81836527,1902.681286,14.23499073,56.98999032,0.384673491,"Transect",1,"Agriculture"
8,"Average of '2'","7/22/2021 14:44",1.62775266,5.681634673,15.70687785,29.6105144,1831.444923,14.01226639,55.34130142,2.839061109,"Transect",2,"Agriculture"
12,"Average of '3'","7/22/2021 15:04",1.444190958,5.400800063,15.63121241,27.33935418,2047.077123,15.93091874,53.9803053,1.18696191,"Transect",3,"Agriculture"
16,"Average of '4'","7/22/2021 15:11",1.574168209,5.985856545,15.1902234,23.17935039,1832.691929,14.34275473,53.48765298,0.071529319,"Transect",4,"Agriculture"
20,"Average of '5'","7/22/2021 15:18",1.493926465,5.365226008,13.81627683,24.55922016,1985.614425,15.3881324,56.70895243,0.657180917,"Transect",5,"Agriculture"
24,"Average of '6'","7/22/2021 15:28",1.70466579,5.457429664,12.17670578,18.86796051,1804.289835,13.25131998,60.77978495,0.170383628,"Transect",6,"Agriculture"
28,"Average of '7'","7/22/2021 15:36",1.965467929,7.304764865,20.52554844,31.91056547,1458.533164,10.32807052,49.84959745,1.474031877,"Transect",7,"Agriculture"
4,"Average of '8'","7/22/2021 15:45",1.638196479,5.318195868,12.31385605,19.95089622,1870.653316,14.10090162,60.02848951,0.394036813,"Transect",8,"Agriculture"
8,"Average of '9'","7/22/2021 15:52",1.495919267,5.075533747,12.65457009,21.79356405,2008.121938,15.80140353,58.27509394,0.663120229,"Transect",9,"Agriculture"
12,"Average of '10'","7/22/2021 16:00",1.6962628,5.960982746,13.76289661,21.03879263,1740.090392,13.10256943,56.83060317,0.369186576,"Transect",10,"Agriculture"
16,"Average of '11'","7/23/2021 13:25",1.394924033,5.360759513,13.51028605,21.64873761,2046.751673,16.67460794,55.01734396,0.341691573,"Transect",11,"Agriculture"
20,"Average of '12'","7/23/2021 13:37",1.59399244,5.325370453,11.79836696,18.60782661,1903.63964,14.56635265,60.41273087,0.548898005,"Transect",12,"Agriculture"
24,"Average of '13'","7/23/2021 13:57",1.567563594,5.013388344,10.72826072,16.68580276,1971.089179,15.01281726,62.89549579,0.368888059,"Transect",13,"Agriculture"
28,"Average of '14'","7/23/2021 14:05",1.699286982,5.497059215,12.88870942,21.38455577,1791.549336,13.44551928,59.35339605,1.120743568,"Transect",14,"Agriculture"
4,"Average of '1'","7/22/2021 14:35",1.59397034,5.612353925,13.66302879,21.81836527,1902.681286,14.23499073,56.98999032,0.384673491,"Grid",1,"Agriculture"
8,"Average of '2'","7/22/2021 14:44",1.62775266,5.681634673,15.70687785,29.6105144,1831.444923,14.01226639,55.34130142,2.839061109,"Grid",2,"Agriculture"
12,"Average of '3'","7/22/2021 15:04",1.444190958,5.400800063,15.63121241,27.33935418,2047.077123,15.93091874,53.9803053,1.18696191,"Grid",3,"Agriculture"
16,"Average of '4'","7/22/2021 15:11",1.574168209,5.985856545,15.1902234,23.17935039,1832.691929,14.34275473,53.48765298,0.071529319,"Grid",4,"Agriculture"
20,"Average of '5'","7/22/2021 15:18",1.493926465,5.365226008,13.81627683,24.55922016,1985.614425,15.3881324,56.70895243,0.657180917,"Grid",5,"Agriculture"
24,"Average of '6'","7/22/2021 15:28",1.70466579,5.457429664,12.17670578,18.86796051,1804.289835,13.25131998,60.77978495,0.170383628,"Grid",6,"Agriculture"
28,"Average of '7'","7/22/2021 15:36",1.965467929,7.304764865,20.52554844,31.91056547,1458.533164,10.32807052,49.84959745,1.474031877,"Grid",7,"Agriculture"
4,"Average of '8'","7/22/2021 15:45",1.638196479,5.318195868,12.31385605,19.95089622,1870.653316,14.10090162,60.02848951,0.394036813,"Grid",8,"Agriculture"
8,"Average of '9'","7/22/2021 15:52",1.495919267,5.075533747,12.65457009,21.79356405,2008.121938,15.80140353,58.27509394,0.663120229,"Grid",9,"Agriculture"
12,"Average of '10'","7/22/2021 16:00",1.6962628,5.960982746,13.76289661,21.03879263,1740.090392,13.10256943,56.83060317,0.369186576,"Grid",10,"Agriculture"
16,"Average of '11'","7/23/2021 13:25",1.394924033,5.360759513,13.51028605,21.64873761,2046.751673,16.67460794,55.01734396,0.341691573,"Grid",11,"Agriculture"
20,"Average of '12'","7/23/2021 13:37",1.59399244,5.325370453,11.79836696,18.60782661,1903.63964,14.56635265,60.41273087,0.548898005,"Grid",12,"Agriculture"
24,"Average of '13'","7/23/2021 13:57",1.567563594,5.013388344,10.72826072,16.68580276,1971.089179,15.01281726,62.89549579,0.368888059,"Grid",13,"Agriculture"
28,"Average of '14'","7/23/2021 14:05",1.699286982,5.497059215,12.88870942,21.38455577,1791.549336,13.44551928,59.35339605,1.120743568,"Grid",14,"Agriculture"
4,"Average of '15'","7/23/2021 14:12",1.376565976,5.00733274,11.64382869,19.34302063,2122.393529,16.9702995,58.85068729,0.379515995,"Grid",15,"Agriculture"
8,"Average of '16'","7/23/2021 14:32",1.33558197,4.743332466,10.53179328,16.78300804,2195.71967,17.62878861,60.93298789,0.24991773,"Grid",16,"Agriculture"
12,"Average of '17'","7/23/2021 14:42",1.364628451,4.933755889,11.27615698,18.19678437,2138.002039,17.21613091,59.36033435,0.229976046,"Grid",17,"Agriculture"
16,"Average of '18'","7/23/2021 15:04",1.476743198,4.9699738,10.83483982,17.36762605,2044.724287,15.85599786,61.83223733,0.24652014,"Grid",18,"Agriculture"
20,"Average of '19'","7/23/2021 15:12",1.696595458,5.208653683,11.07846877,17.07622795,1841.490758,13.44769083,63.37389805,0.058794318,"Grid",19,"Agriculture"
24,"Average of '20'","7/23/2021 15:22",1.860418246,5.604924467,11.87171055,17.7335981,1668.067413,11.61734554,62.72548094,0.055131276,"Grid",20,"Agriculture"
28,"Average of '21'","7/23/2021 15:30",1.778412509,5.418679377,11.73380168,18.28239602,1747.59117,12.54918268,62.50212279,0.584447288,"Grid",21,"Agriculture"
4,"Average of '22'","7/23/2021 15:45",1.458539085,4.925176058,11.6456177,20.44031949,2075.442842,16.27526846,59.82152916,0.920996887,"Grid",22,"Agriculture"
8,"Average of '23'","7/23/2021 15:52",1.659554069,5.626066776,12.68016669,19.21886157,1830.007788,13.7522895,58.70417638,0.142397913,"Grid",23,"Agriculture"
12,"Average of '24'","7/23/2021 16:01",1.394703779,4.849118221,11.39122402,19.52305125,2139.314969,16.85128406,59.7972503,0.333594581,"Grid",24,"Agriculture"
16,"Average of '25'","7/26/2021 13:42",1.387861287,4.637581382,10.0452742,15.67242566,2189.247836,17.28225882,62.59436052,0.100685981,"Grid",25,"Agriculture"
20,"Average of '26'","7/26/2021 13:54",1.701204987,5.207149998,11.38947897,17.68274654,1823.30965,13.58362696,62.48164513,0.198232754,"Grid",26,"Agriculture"
24,"Average of '27'","7/26/2021 14:12",1.803760608,5.379872802,11.76181028,18.38000936,1717.888638,12.34029228,62.74056098,0.238215154,"Grid",27,"Agriculture"
28,"Average of '28'","7/26/2021 14:20",1.952849993,6.168576095,13.40061263,19.89462156,1537.548179,10.50939794,59.4870475,0.301439112,"Grid",28,"Agriculture"
4,"Average of '29'","7/26/2021 14:28",1.444133342,4.760494809,10.77985977,18.19084053,2081.959574,16.75690818,61.2720286,0.265865678,"Grid",29,"Agriculture"
8,"Average of '30'","7/26/2021 14:35",1.418327898,4.741559568,10.82815243,18.17158345,2147.375558,17.19443271,60.69825958,0.210083651,"Grid",30,"Agriculture"
12,"Average of '31'","7/26/2021 14:42",1.51203268,5.270076073,13.26830135,24.87714466,1957.506124,15.32243718,57.86046949,1.056213231,"Grid",31,"Agriculture"
16,"Average of '32'","7/26/2021 14:56",1.545368678,4.908629345,10.63031132,16.96579912,1983.144895,15.30440086,62.96756795,0.205952534,"Grid",32,"Agriculture"
20,"Average of '33'","7/26/2021 15:04",1.712607638,5.423325556,12.45228307,20.25292452,1786.795144,13.27111754,60.43041873,0.615910463,"Grid",33,"Agriculture"
24,"Average of '34'","7/26/2021 15:12",1.765247799,5.351056604,11.57215191,17.80254125,1760.435564,12.74634893,62.73936077,0.057490138,"Grid",34,"Agriculture"
28,"Average of '35'","7/26/2021 15:19",1.955866446,6.062069604,13.3958796,20.0404022,1542.598031,10.49010298,59.84576402,0.124604712,"Grid",35,"Agriculture"
8,"Average of '36'","7/26/2021 15:27",1.803631387,5.58439945,12.11461175,18.64922211,1688.907317,12.21978057,61.67738112,0.37239843,"Grid",36,"Agriculture"
12,"Average of '37'","7/26/2021 15:38",1.513338776,5.229813628,12.2364716,21.31828328,1956.056481,15.30250154,59.27607532,0.648045299,"Grid",37,"Agriculture"
16,"Average of '38'","7/26/2021 15:46",1.599787232,5.352525877,12.73659896,22.05908992,1860.924692,14.45222681,59.05793143,0.535170627,"Grid",38,"Agriculture"
20,"Average of '39'","7/27/2021 13:18",1.672700099,5.24812641,11.87323661,19.40565536,1823.706212,13.87097257,61.25915711,0.597021195,"Grid",39,"Agriculture"
24,"Average of '40'","7/27/2021 13:26",1.701563511,5.360700592,12.20554242,19.38973465,1806.015253,13.45874251,60.75931383,0.284202685,"Grid",40,"Agriculture"
28,"Average of '41'","7/27/2021 13:40",1.799481592,5.887814471,14.31551117,22.57355378,1658.481697,12.25925898,57.27600889,0.447575081,"Grid",41,"Agriculture"
32,"Average of '42'","7/27/2021 13:48",1.822299433,5.746913063,13.26891727,20.87315871,1662.670225,12.02082673,59.53667989,0.214380502,"Grid",42,"Agriculture"
4,"Average of '43'","7/27/2021 13:55",1.727240942,5.935479428,13.25990556,19.98127477,1713.570372,12.82364094,57.92257786,0.294392167,"Grid",43,"Agriculture"
8,"Average of '44'","7/27/2021 14:15",1.750688827,5.34015761,13.45068445,24.00443957,1759.91545,13.02074808,59.64592422,0.992070313,"Grid",44,"Agriculture"
12,"Average of '45'","7/27/2021 14:37",1.615736355,5.485392045,14.22665197,25.9744005,1836.603387,14.26463652,57.12069833,1.132086253,"Grid",45,"Agriculture"
16,"Average of '46'","7/27/2021 14:46",1.76379959,5.562578524,13.10509224,21.95121918,1728.447953,12.64527106,59.80793295,0.857765809,"Grid",46,"Agriculture"
20,"Average of '47'","7/27/2021 14:54",1.826139006,5.715355328,13.4236393,21.18470876,1677.838143,11.98221025,59.39567917,0.387580023,"Grid",47,"Agriculture"
24,"Average of '48'","7/27/2021 15:01",1.881955805,6.038242375,13.97054495,21.49875176,1607.247112,11.33977536,58.26863892,0.351544534,"Grid",48,"Agriculture"
28,"Average of '49'","7/27/2021 15:09",1.986016876,6.378805509,15.06559066,22.68292359,1492.840951,10.14864955,56.95543707,0.169123273,"Grid",49,"Agriculture"
